Minimum Temperature,Maximum Temperature,Humidity,Precipitation,forecast
7.7,16.5,85.0,12.4,sunny
10.1,17.8,70.0,0.0,sunny
1.7,17.4,73.0,0.0,rainy
2.6,19.3,77.0,0.0,rainy
3.2,20.1,100.0,0.0,rainy
4.8,20.7,81.0,0.0,rainy
7.8,19.0,68.0,0.0,rainy
6.8,16.1,74.0,0.2,sunny
3.8,15.0,76.0,0.0,rainy
1.1,16.6,77.0,0.0,rainy
2.9,18.9,67.0,0.0,rainy
7.8,19.8,88.0,0.0,rainy
12.7,21.8,93.0,41.0,sunny
6.8,17.8,93.0,0.6,rainy
5.3,20.6,82.0,0.0,rainy
7.3,24.1,77.0,0.0,rainy
11.3,21.9,49.0,0.0,sunny
7.3,24.3,76.0,0.0,rainy
5.3,16.3,64.0,0.0,rainy
4.9,22.8,80.0,0.0,rainy
5.8,23.5,73.0,0.0,rainy
8.6,28.3,83.0,0.0,rainy
12.9,29.9,73.0,0.0,rainy
11.7,18.6,76.0,9.6,sunny
5.1,18.6,69.0,0.0,rainy
5.7,21.5,78.0,0.0,rainy
7.6,23.6,82.0,0.0,rainy
7.1,27.4,70.0,0.0,rainy
8.2,30.3,67.0,0.0,rainy
14.8,19.3,79.0,3.4,sunny
7.3,18.1,87.0,3.2,rainy
2.9,19.5,73.0,0.2,rainy
3.5,19.3,70.0,0.2,rainy
5.1,20.3,60.0,0.0,rainy
5.3,23.1,75.0,0.0,rainy
8.2,26.8,67.0,0.0,rainy
10.7,26.9,58.0,0.0,rainy
9.5,26.3,69.0,0.0,rainy
10.8,29.0,76.0,0.0,rainy
14.5,32.1,70.0,0.0,rainy
16.9,32.9,44.0,0.0,sunny
11.9,32.4,62.0,0.0,rainy
11.8,29.1,70.0,0.0,rainy
14.3,22.0,81.0,0.2,sunny
6.4,19.9,62.0,1.0,rainy
7.6,24.4,59.0,0.0,rainy
8.9,29.0,67.0,1.8,rainy
9.1,33.8,60.0,0.0,rainy
15.2,21.7,43.0,0.0,sunny
5.5,19.1,63.0,5.0,rainy
5.8,24.4,65.0,0.0,rainy
9.6,27.9,63.0,0.0,rainy
12.0,26.0,71.0,0.0,rainy
7.8,25.8,62.0,0.0,rainy
9.2,29.9,52.0,0.0,rainy
11.1,34.0,59.0,0.0,rainy
13.6,30.7,52.0,0.0,rainy
10.0,29.3,57.0,0.0,rainy
9.4,29.3,43.0,0.0,sunny
9.9,30.5,59.0,0.0,rainy
12.7,33.2,54.0,0.0,rainy
14.2,37.9,47.0,0.0,sunny
17.5,24.3,61.0,0.0,sunny
14.6,21.1,89.0,24.4,sunny
8.3,22.4,59.0,0.2,rainy
9.4,26.6,64.0,0.0,rainy
10.4,29.7,65.0,0.0,rainy
11.8,34.6,57.0,0.0,rainy
18.5,29.5,57.0,0.0,rainy
12.6,33.2,58.0,0.0,rainy
17.3,36.2,64.0,0.6,rainy
19.8,26.6,52.0,0.0,sunny
10.1,22.8,63.0,27.0,rainy
9.7,26.0,62.0,0.2,rainy
12.8,28.3,50.0,0.0,sunny
12.5,29.8,57.0,0.0,rainy
14.7,32.3,53.0,0.0,rainy
20.6,32.7,49.0,0.0,sunny
20.5,32.4,55.0,0.0,rainy
15.5,33.2,76.0,13.2,rainy
14.8,25.8,70.0,0.0,rainy
17.5,30.2,80.0,13.4,rainy
17.2,28.9,59.0,0.0,rainy
16.0,26.3,65.0,0.8,rainy
15.7,23.7,73.0,4.4,sunny
13.9,27.7,74.0,1.4,rainy
13.9,31.2,67.0,0.0,rainy
15.0,29.7,72.0,0.0,rainy
15.8,27.4,64.0,1.4,rainy
12.9,27.5,46.0,0.0,sunny
13.0,29.1,44.0,0.0,sunny
13.1,29.1,62.0,0.0,rainy
14.2,35.6,51.0,0.0,rainy
20.3,34.9,38.0,0.4,sunny
11.7,26.4,39.0,0.0,sunny
10.5,29.3,50.0,0.0,sunny
10.2,25.0,50.0,0.0,sunny
11.1,30.0,51.0,0.0,rainy
14.1,33.6,55.0,0.0,rainy
17.5,35.5,47.0,0.0,sunny
21.2,33.4,68.0,0.6,rainy
18.0,33.7,66.0,0.4,rainy
14.4,32.2,62.0,0.0,rainy
15.1,25.7,42.0,0.0,sunny
9.9,28.9,52.0,0.0,rainy
16.2,31.7,52.0,0.0,rainy
17.7,33.7,51.0,0.0,rainy
12.0,27.0,47.0,1.4,sunny
10.1,30.6,46.0,0.0,sunny
11.4,33.5,45.0,0.0,sunny
15.5,39.6,45.0,0.0,sunny
17.1,38.3,35.0,0.0,sunny
26.0,33.1,46.0,0.0,sunny
19.0,35.2,60.0,0.0,rainy
20.5,36.1,54.0,0.0,rainy
20.3,36.5,54.0,0.0,rainy
20.7,34.1,45.0,0.0,sunny
20.4,26.4,94.0,5.4,sunny
19.7,21.7,97.0,7.0,sunny
18.4,30.6,83.0,12.6,rainy
17.6,33.1,55.0,0.2,rainy
18.1,27.0,47.0,0.0,sunny
17.9,28.1,96.0,46.8,rainy
13.5,28.3,69.0,0.4,rainy
11.4,28.4,63.0,0.0,rainy
15.8,27.6,57.0,0.0,rainy
12.1,28.0,56.0,0.0,rainy
14.7,28.6,45.0,0.0,sunny
14.4,31.1,50.0,0.0,sunny
18.1,28.8,75.0,8.4,rainy
17.7,33.7,64.0,0.0,rainy
20.2,36.0,56.0,0.0,rainy
20.1,30.8,76.0,15.8,rainy
18.0,26.9,50.0,0.2,sunny
11.5,26.0,59.0,0.0,rainy
15.4,28.9,56.0,0.0,rainy
16.6,27.5,53.0,0.0,rainy
14.0,25.0,48.0,0.0,sunny
9.2,24.0,49.0,0.0,sunny
10.5,26.8,59.0,0.0,rainy
13.8,28.5,62.0,0.0,rainy
16.9,29.0,48.0,0.0,sunny
13.6,29.8,54.0,0.0,rainy
15.2,29.5,42.0,0.0,sunny
15.0,31.4,57.0,0.0,rainy
15.7,33.1,58.0,0.0,rainy
16.9,33.5,53.0,0.0,rainy
19.6,38.8,74.0,0.2,rainy
20.4,36.1,53.0,0.0,rainy
18.3,34.0,54.0,0.0,rainy
20.3,35.8,62.0,0.0,rainy
17.8,31.9,74.0,9.8,rainy
18.3,32.0,69.0,0.0,rainy
19.3,24.7,63.0,0.2,sunny
16.9,30.9,86.0,10.6,rainy
19.7,34.9,73.0,0.0,rainy
20.5,33.9,66.0,0.0,rainy
19.7,28.2,76.0,0.0,sunny
18.0,33.1,79.0,6.0,rainy
19.0,33.3,67.0,0.2,rainy
18.4,34.6,55.0,0.0,rainy
19.0,34.5,61.0,0.0,rainy
18.4,35.9,65.0,0.0,rainy
17.5,29.5,74.0,8.0,rainy
17.6,30.3,60.0,0.2,rainy
18.0,29.8,71.0,0.0,rainy
14.5,31.5,76.0,0.0,rainy
18.1,35.1,65.0,0.0,rainy
19.3,28.6,94.0,1.4,sunny
12.1,28.6,54.0,0.2,rainy
16.5,32.0,59.0,0.0,rainy
12.7,30.4,51.0,0.0,rainy
15.1,23.4,40.0,0.0,sunny
11.2,22.3,55.0,0.0,rainy
10.0,25.2,74.0,0.0,rainy
11.3,30.3,70.0,0.0,rainy
10.9,29.5,64.0,0.0,rainy
12.6,30.0,65.0,0.0,rainy
9.3,31.7,58.0,0.0,rainy
11.8,28.9,58.0,0.0,rainy
14.5,27.6,49.0,0.0,sunny
10.2,29.0,68.0,0.0,rainy
12.7,28.3,51.0,0.0,rainy
10.0,27.9,61.0,0.0,rainy
14.5,29.6,63.0,0.0,rainy
16.6,28.3,78.0,2.8,rainy
12.7,33.6,78.0,0.0,rainy
16.6,26.8,57.0,0.0,rainy
13.2,27.3,52.0,0.0,rainy
10.8,30.7,61.0,0.0,rainy
16.4,31.9,61.0,0.0,rainy
14.5,25.1,75.0,0.4,rainy
7.9,24.6,70.0,0.0,rainy
7.8,19.4,58.0,0.0,rainy
10.3,20.9,72.0,0.0,rainy
5.5,23.9,76.0,0.0,rainy
5.8,25.8,63.0,0.0,rainy
8.6,28.2,70.0,0.0,rainy
9.0,29.4,65.0,0.0,rainy
10.4,29.1,61.0,0.0,rainy
15.1,26.4,57.0,0.0,rainy
8.7,26.8,53.0,0.0,rainy
11.5,23.8,57.0,0.0,rainy
15.5,24.3,85.0,0.6,sunny
10.8,21.1,68.0,0.0,rainy
11.8,19.9,83.0,8.8,sunny
10.9,22.3,63.0,4.0,rainy
7.3,22.1,53.0,0.0,rainy
7.6,24.2,59.0,0.0,rainy
8.2,23.7,66.0,0.0,rainy
11.8,26.5,67.0,0.0,rainy
8.3,25.5,64.0,0.0,rainy
10.3,21.8,77.0,0.0,rainy
12.7,24.2,85.0,3.0,rainy
10.7,26.6,86.0,1.4,rainy
15.1,17.7,82.0,0.2,sunny
15.2,19.9,94.0,35.8,sunny
9.9,17.4,71.0,15.8,sunny
6.9,18.2,45.0,0.2,sunny
10.4,19.4,51.0,0.0,sunny
5.9,23.1,63.0,0.0,rainy
12.7,24.0,83.0,0.2,rainy
15.2,20.0,94.0,3.6,sunny
10.0,16.0,97.0,7.0,sunny
7.1,19.7,100.0,2.6,rainy
5.8,17.8,78.0,0.2,rainy
3.6,18.5,77.0,0.0,rainy
4.4,19.6,70.0,0.0,rainy
4.7,20.9,74.0,0.0,rainy
6.4,22.5,71.0,0.0,rainy
7.7,20.7,84.0,0.0,rainy
7.5,23.7,85.0,0.0,rainy
5.0,22.3,80.0,0.0,rainy
5.5,20.5,86.0,0.0,rainy
2.7,15.5,73.0,0.0,rainy
6.7,14.7,84.0,0.2,sunny
6.1,13.8,74.0,0.0,sunny
9.9,15.4,91.0,0.8,sunny
10.4,14.3,87.0,2.8,sunny
9.9,18.0,97.0,9.2,sunny
11.2,17.2,91.0,0.8,sunny
4.5,13.5,79.0,0.6,sunny
2.6,15.8,84.0,0.0,rainy
2.3,17.8,100.0,0.0,rainy
3.2,18.9,86.0,0.0,rainy
2.4,18.0,99.0,0.2,rainy
2.3,19.2,99.0,0.0,rainy
6.7,17.4,95.0,3.4,rainy
10.3,17.6,89.0,12.8,sunny
6.1,15.0,85.0,0.0,sunny
8.0,16.9,61.0,0.0,sunny
1.4,16.6,82.0,0.0,rainy
-0.2,13.9,99.0,0.0,rainy
2.6,15.2,96.0,0.0,rainy
2.0,13.8,77.0,0.0,rainy
5.7,14.7,100.0,0.2,sunny
7.4,18.7,96.0,3.2,rainy
9.1,15.8,100.0,11.2,sunny
5.0,15.4,95.0,0.0,rainy
8.4,14.5,80.0,0.0,sunny
3.8,11.5,75.0,2.4,sunny
-1.4,12.5,83.0,0.0,rainy
-1.2,12.6,84.0,0.0,rainy
-1.2,9.9,99.0,0.2,rainy
2.6,13.3,86.0,6.4,rainy
0.8,13.2,100.0,0.2,rainy
2.3,10.9,100.0,0.0,sunny
1.0,16.7,100.0,0.2,rainy
4.3,15.0,83.0,0.0,rainy
-1.0,13.4,85.0,0.0,rainy
0.7,15.2,75.0,0.0,rainy
-0.8,15.2,95.0,0.2,rainy
0.3,15.3,100.0,0.0,rainy
2.4,15.7,100.0,0.0,rainy
1.8,14.0,100.0,0.2,rainy
5.9,14.4,100.0,14.6,sunny
11.3,12.6,100.0,11.6,sunny
9.9,11.1,100.0,22.4,sunny
5.8,13.7,78.0,16.4,sunny
-0.9,12.2,80.0,0.2,rainy
-1.5,12.1,86.0,0.0,rainy
-1.2,11.3,99.0,0.0,rainy
1.4,16.8,98.0,0.0,rainy
7.0,14.0,100.0,7.2,sunny
8.2,13.4,100.0,1.0,sunny
1.8,14.3,100.0,0.2,rainy
2.3,13.2,100.0,0.0,rainy
5.6,12.4,90.0,0.2,sunny
0.4,15.0,99.0,0.0,rainy
1.0,8.6,99.0,0.0,sunny
2.9,10.6,99.0,0.0,sunny
4.6,12.1,87.0,0.8,sunny
-2.1,11.0,87.0,0.8,rainy
1.1,11.6,94.0,0.0,rainy
0.7,11.8,91.0,0.0,rainy
3.6,10.0,84.0,0.0,sunny
4.8,14.8,83.0,0.0,sunny
0.1,14.8,86.0,0.0,rainy
-0.5,13.2,92.0,0.0,rainy
3.3,14.2,94.0,1.8,rainy
8.0,13.9,85.0,2.4,sunny
5.1,11.3,95.0,5.4,sunny
5.9,13.7,78.0,2.8,sunny
5.0,9.1,78.0,0.0,sunny
4.4,6.8,96.0,10.0,sunny
2.9,11.9,90.0,4.4,sunny
-1.4,11.5,88.0,0.2,rainy
-1.6,12.4,90.0,0.0,rainy
-1.5,13.0,83.0,0.0,rainy
-1.6,13.7,93.0,0.0,rainy
-0.3,15.9,95.0,0.0,rainy
4.5,13.5,89.0,3.0,sunny
7.5,16.9,95.0,2.8,sunny
2.2,12.8,94.0,0.2,rainy
6.5,13.6,82.0,5.8,sunny
8.2,11.8,87.0,3.0,sunny
0.7,9.5,87.0,0.0,sunny
1.4,13.8,86.0,0.0,rainy
1.0,12.2,99.0,0.0,rainy
3.3,12.5,90.0,0.0,sunny
7.2,13.8,78.0,0.2,sunny
3.8,10.3,99.0,1.2,sunny
7.2,11.9,99.0,27.2,sunny
7.5,11.7,85.0,2.6,sunny
-2.4,8.6,85.0,1.4,rainy
2.2,11.5,94.0,4.2,sunny
2.0,10.9,87.0,1.4,sunny
5.0,12.6,100.0,1.4,sunny
1.3,14.0,99.0,0.0,rainy
0.8,11.0,100.0,0.0,rainy
3.8,15.1,99.0,0.0,rainy
3.0,14.2,99.0,1.8,rainy
1.8,9.0,86.0,0.0,sunny
1.7,12.3,90.0,5.4,rainy
4.2,12.8,93.0,0.0,sunny
2.1,17.0,100.0,0.0,rainy
1.7,15.9,100.0,0.2,rainy
5.5,14.2,82.0,0.0,sunny
-0.9,12.7,79.0,0.0,rainy
-0.1,13.0,94.0,0.0,rainy
0.4,16.8,78.0,0.2,rainy
2.0,16.4,81.0,0.0,rainy
7.9,20.7,92.0,1.4,rainy
8.9,17.7,89.0,0.8,sunny
7.5,13.5,76.0,0.0,sunny
8.8,11.7,87.0,15.2,sunny
5.8,15.0,65.0,15.2,sunny
9.8,15.8,94.0,10.6,sunny
4.2,16.2,99.0,0.0,rainy
1.2,13.7,99.0,0.0,rainy
1.5,15.5,79.0,0.2,rainy
2.2,15.0,72.0,0.0,rainy
1.1,14.9,99.0,0.0,rainy
1.9,17.6,87.0,0.0,rainy
7.5,17.9,96.0,23.0,rainy
3.4,17.5,82.0,1.2,rainy
3.2,17.6,99.0,0.0,rainy
5.2,16.4,90.0,0.0,rainy
8.2,13.6,76.0,1.6,sunny
6.1,14.9,94.0,1.0,sunny
0.7,17.5,80.0,0.2,rainy
4.9,19.0,69.0,0.2,rainy
3.9,19.4,79.0,0.0,rainy
6.0,21.1,81.0,0.0,rainy
6.6,23.2,79.0,0.0,rainy
7.3,24.1,75.0,0.0,rainy
13.3,18.0,73.0,0.0,sunny
2.5,16.7,79.0,0.0,rainy
3.7,17.9,77.0,0.0,rainy
3.6,19.2,67.0,0.0,rainy
6.1,20.4,70.0,0.0,rainy
5.6,21.5,74.0,0.0,rainy
6.4,20.9,82.0,0.0,rainy
6.2,16.3,68.0,0.2,rainy
-0.2,14.9,55.0,0.0,rainy
1.7,16.9,58.0,0.0,rainy
2.9,19.0,60.0,0.0,rainy
4.5,20.1,59.0,0.0,rainy
4.3,21.3,71.0,0.0,rainy
4.8,22.6,75.0,0.0,rainy
6.8,20.1,54.0,0.0,rainy
3.1,19.7,64.0,0.0,rainy
3.7,21.1,65.0,0.0,rainy
4.8,24.6,65.0,0.0,rainy
6.9,27.1,71.0,0.0,rainy
9.6,29.4,76.0,0.0,rainy
10.1,31.0,70.0,0.0,rainy
10.0,34.1,73.0,0.0,rainy
12.0,24.3,63.0,0.0,rainy
10.2,23.1,66.0,0.0,rainy
10.3,27.8,75.0,0.0,rainy
13.2,29.7,63.0,0.0,rainy
15.4,22.1,85.0,0.4,sunny
10.7,24.4,80.0,1.8,rainy
8.7,24.2,60.0,0.0,rainy
10.0,27.1,74.0,0.4,rainy
10.5,32.4,72.0,0.0,rainy
13.1,29.6,79.0,0.0,rainy
16.0,29.0,82.0,0.0,rainy
8.6,27.5,64.0,0.0,rainy
8.3,29.2,63.0,0.0,rainy
11.3,31.8,64.0,0.0,rainy
16.6,24.7,80.0,1.6,sunny
13.3,25.2,66.0,0.8,rainy
14.1,24.6,59.0,0.2,rainy
10.3,26.6,69.0,0.0,rainy
10.0,30.5,67.0,0.0,rainy
17.4,25.9,55.0,0.0,sunny
13.6,25.3,41.0,0.0,sunny
6.2,25.5,54.0,0.0,rainy
9.3,27.9,55.0,0.0,rainy
9.7,28.1,59.0,0.0,rainy
17.1,21.7,90.0,5.4,sunny
15.0,27.3,90.0,15.2,rainy
15.9,27.1,82.0,22.8,rainy
12.3,26.8,65.0,0.2,rainy
14.7,28.7,63.0,0.0,rainy
16.6,21.6,76.0,6.6,sunny
15.2,25.1,90.0,4.2,sunny
12.1,23.4,64.0,1.8,rainy
9.2,25.7,60.0,0.0,rainy
12.0,29.6,65.0,0.0,rainy
15.8,32.3,68.0,0.0,rainy
17.8,28.3,64.0,0.0,rainy
17.9,28.2,78.0,10.6,rainy
15.9,27.5,95.0,4.8,rainy
13.8,26.2,54.0,0.0,rainy
12.4,25.9,48.0,0.0,sunny
11.6,26.7,59.0,0.0,rainy
12.3,31.0,67.0,0.0,rainy
13.3,33.5,56.0,0.0,rainy
18.1,37.2,47.0,0.0,sunny
17.8,34.3,46.0,0.0,sunny
12.4,26.6,53.0,0.0,rainy
9.6,28.3,58.0,0.0,rainy
9.9,26.7,54.0,0.0,rainy
10.2,28.7,51.0,0.0,rainy
10.0,33.8,56.0,0.0,rainy
17.9,21.3,48.0,0.0,sunny
5.7,21.8,43.0,0.0,sunny
8.1,28.3,57.0,0.0,rainy
12.2,27.0,52.0,0.0,rainy
10.0,31.6,61.0,0.0,rainy
17.7,30.1,45.0,0.0,sunny
9.9,22.5,46.0,0.2,sunny
9.6,29.3,43.0,0.0,sunny
13.4,32.0,46.0,0.0,sunny
14.4,34.1,50.0,0.0,sunny
17.9,36.5,45.0,0.0,sunny
21.6,33.6,55.0,0.0,rainy
21.1,30.7,81.0,0.8,sunny
19.7,30.7,56.0,10.2,rainy
14.2,31.5,54.0,0.0,rainy
15.3,27.0,48.0,0.0,sunny
8.9,24.6,48.0,0.0,sunny
9.4,27.9,57.0,0.0,rainy
11.3,34.8,43.0,0.0,sunny
15.6,33.2,47.0,0.0,sunny
15.5,34.3,39.0,0.0,sunny
16.7,34.1,39.0,0.0,sunny
16.5,37.1,46.0,0.0,sunny
20.8,40.0,50.0,0.0,sunny
19.7,41.5,18.0,0.0,sunny
18.0,25.3,68.0,10.0,sunny
17.0,30.3,53.0,0.0,rainy
17.7,30.0,54.0,0.0,rainy
15.3,31.6,51.0,0.0,rainy
17.7,32.0,40.0,0.0,sunny
18.8,23.1,89.0,3.2,sunny
10.2,25.0,47.0,9.8,sunny
12.8,28.2,49.0,0.0,sunny
13.2,32.3,47.0,0.0,sunny
15.7,34.3,47.0,0.0,sunny
17.3,36.6,53.0,0.0,rainy
20.4,37.6,46.0,0.0,sunny
20.9,33.6,54.0,0.4,rainy
18.4,23.1,62.0,2.2,sunny
17.3,23.7,74.0,15.6,sunny
15.5,22.9,92.0,6.8,sunny
17.0,28.1,76.0,0.2,rainy
16.4,28.0,46.0,0.0,sunny
14.3,31.7,63.0,0.0,rainy
16.7,35.0,52.0,0.0,rainy
17.8,37.0,54.0,0.0,rainy
17.7,39.2,46.0,0.0,sunny
20.6,38.9,40.0,0.0,sunny
20.2,43.0,51.0,0.0,rainy
26.8,30.2,50.0,0.0,sunny
10.4,25.2,41.0,0.0,sunny
10.7,29.4,45.0,0.0,sunny
14.5,30.6,51.0,0.0,rainy
14.4,33.5,53.0,0.0,rainy
16.1,40.0,46.0,0.0,sunny
23.4,33.9,23.0,0.0,sunny
20.4,38.0,62.0,0.0,rainy
22.8,28.1,67.0,0.0,sunny
17.0,31.3,72.0,12.6,rainy
16.6,33.2,55.0,0.0,rainy
18.1,32.8,56.0,0.0,rainy
18.7,34.2,48.0,0.0,sunny
18.5,25.7,96.0,19.4,sunny
17.7,31.7,83.0,4.2,rainy
17.1,24.2,77.0,0.0,sunny
10.0,28.1,70.0,0.0,rainy
13.8,24.2,79.0,7.0,rainy
13.0,26.1,88.0,28.6,rainy
14.4,29.7,69.0,0.2,rainy
19.8,25.8,67.0,0.0,sunny
16.5,29.8,53.0,0.4,rainy
14.2,29.9,47.0,0.0,sunny
14.6,30.3,64.0,0.0,rainy
15.2,32.8,67.0,0.0,rainy
18.0,35.2,51.0,0.0,rainy
18.8,35.0,54.0,0.0,rainy
15.7,35.0,64.0,0.0,rainy
17.3,35.2,53.0,0.0,rainy
17.3,34.9,59.0,0.0,rainy
16.9,37.7,55.0,0.0,rainy
22.3,30.3,53.0,0.0,sunny
13.8,28.9,58.0,0.0,rainy
15.2,26.3,54.0,0.0,rainy
10.5,26.7,45.0,0.0,sunny
12.7,30.5,63.0,0.0,rainy
13.9,32.9,64.0,0.0,rainy
15.2,31.2,61.0,0.0,rainy
13.6,34.4,60.0,0.0,rainy
15.2,35.4,51.0,0.0,rainy
20.1,39.5,46.0,0.0,sunny
22.5,40.9,43.0,0.0,sunny
22.4,36.4,38.0,0.0,sunny
14.9,31.2,51.0,0.2,rainy
14.7,33.1,58.0,0.0,rainy
16.2,33.4,59.0,0.0,rainy
15.4,32.3,56.0,0.0,rainy
14.7,35.1,63.0,0.0,rainy
16.8,37.2,48.0,0.0,sunny
16.7,35.0,37.0,0.0,sunny
15.9,37.0,57.0,0.0,rainy
20.3,38.5,50.0,0.0,sunny
20.5,37.1,54.0,0.0,rainy
17.4,38.5,56.0,0.2,rainy
20.1,38.3,56.0,0.0,rainy
18.7,38.3,49.0,0.0,sunny
24.6,36.8,54.0,0.0,rainy
20.0,32.3,70.0,0.6,rainy
20.0,34.0,80.0,6.6,rainy
19.4,35.2,71.0,0.2,rainy
18.0,35.1,59.0,0.0,rainy
20.4,31.8,54.0,0.0,rainy
19.2,30.8,61.0,0.0,rainy
16.0,31.1,64.0,0.4,rainy
19.8,21.1,98.0,10.4,sunny
9.5,21.1,67.0,10.4,rainy
12.7,24.2,50.0,0.0,sunny
12.4,25.2,54.0,0.0,rainy
11.0,26.5,67.0,0.0,rainy
10.0,27.1,81.0,0.0,rainy
14.2,25.1,69.0,0.0,rainy
15.5,28.4,85.0,0.2,rainy
8.9,26.4,72.0,0.0,rainy
10.0,27.4,75.0,0.0,rainy
11.7,27.8,74.0,0.0,rainy
13.8,26.2,69.0,0.0,rainy
11.8,20.4,71.0,0.8,sunny
9.5,25.5,83.0,0.0,rainy
9.2,27.0,81.0,0.0,rainy
8.6,30.0,73.0,0.0,rainy
7.6,26.5,54.0,0.0,rainy
9.7,28.8,59.0,0.0,rainy
10.5,31.8,65.0,0.0,rainy
7.9,26.4,50.0,0.0,sunny
5.3,22.5,84.0,0.0,rainy
11.4,19.7,66.0,0.0,sunny
4.8,23.1,70.0,0.4,rainy
6.1,24.0,71.0,0.0,rainy
8.7,24.9,70.0,0.0,rainy
8.4,24.7,63.0,0.0,rainy
8.9,27.2,61.0,0.0,rainy
10.0,28.7,63.0,0.0,rainy
11.0,27.6,73.0,0.0,rainy
12.9,28.5,68.0,0.0,rainy
11.7,25.4,68.0,0.0,rainy
10.6,25.7,72.0,3.8,rainy
9.5,26.1,67.0,0.0,rainy
8.8,27.0,68.0,0.0,rainy
9.8,22.4,61.0,0.0,rainy
12.8,23.6,97.0,3.6,rainy
9.4,22.7,49.0,0.0,sunny
7.1,24.9,63.0,0.0,rainy
6.7,24.3,68.0,0.0,rainy
6.1,25.4,66.0,0.0,rainy
6.4,26.6,62.0,0.0,rainy
11.7,28.5,70.0,0.0,rainy
12.1,26.9,68.0,0.0,rainy
16.8,23.4,100.0,8.6,sunny
13.2,20.0,74.0,4.0,sunny
3.8,16.9,88.0,0.0,rainy
6.6,22.2,66.0,0.0,rainy
11.0,17.5,73.0,2.4,sunny
10.5,20.3,73.0,0.0,sunny
6.7,25.2,73.0,0.0,rainy
7.9,24.0,79.0,0.0,rainy
13.9,18.2,100.0,13.2,sunny
14.7,18.3,90.0,46.0,sunny
13.4,17.3,85.0,13.4,sunny
9.3,15.8,82.0,2.2,sunny
10.8,17.2,96.0,2.0,sunny
13.6,20.2,82.0,0.2,sunny
8.7,20.3,91.0,0.0,rainy
9.5,22.1,86.0,0.0,rainy
6.3,20.4,100.0,0.0,rainy
9.1,18.3,78.0,4.8,sunny
8.0,17.3,80.0,0.0,sunny
8.3,17.3,82.0,0.0,sunny
12.1,18.5,79.0,0.0,sunny
4.7,17.9,91.0,0.0,rainy
5.3,21.8,81.0,0.0,rainy
10.4,15.8,75.0,3.0,sunny
8.2,16.2,90.0,0.0,sunny
2.5,14.8,99.0,0.0,rainy
6.9,14.1,100.0,15.2,sunny
4.8,14.0,86.0,1.2,sunny
3.8,14.4,86.0,0.0,rainy
0.5,14.1,99.0,0.2,rainy
3.6,14.1,89.0,0.0,rainy
1.8,15.9,88.0,0.0,rainy
3.2,17.3,80.0,0.0,rainy
3.3,18.1,85.0,0.0,rainy
4.7,13.6,73.0,0.0,sunny
9.8,14.9,95.0,11.6,sunny
10.8,14.6,97.0,11.6,sunny
7.2,12.3,99.0,1.2,sunny
9.0,12.6,92.0,3.6,sunny
9.8,14.6,88.0,1.8,sunny
11.4,15.7,80.0,7.2,sunny
10.5,13.8,89.0,3.0,sunny
9.6,13.0,69.0,1.2,sunny
0.4,12.7,85.0,0.0,rainy
-0.6,13.8,88.0,0.2,rainy
0.9,15.2,90.0,0.0,rainy
0.9,11.4,100.0,0.2,rainy
0.0,12.9,95.0,0.0,rainy
4.1,15.9,97.0,7.6,rainy
9.0,17.6,100.0,0.2,sunny
8.1,14.3,99.0,0.2,sunny
10.0,16.6,90.0,14.4,sunny
8.8,11.6,89.0,1.4,sunny
9.1,13.7,89.0,12.6,sunny
9.0,13.2,85.0,0.2,sunny
6.6,8.2,87.0,4.0,sunny
-0.8,10.5,95.0,2.6,rainy
-1.3,7.5,99.0,0.0,sunny
2.1,10.6,100.0,0.2,sunny
2.5,11.8,100.0,0.2,sunny
6.2,13.5,99.0,0.8,sunny
3.0,11.2,90.0,0.0,sunny
5.2,11.4,96.0,11.4,sunny
7.2,12.5,88.0,0.4,sunny
7.9,12.7,100.0,0.2,sunny
8.2,11.7,97.0,0.2,sunny
6.7,10.6,92.0,1.0,sunny
7.2,15.4,80.0,7.6,sunny
4.0,16.5,100.0,0.0,rainy
6.5,11.8,96.0,0.2,sunny
7.0,15.8,100.0,2.0,sunny
6.2,14.0,100.0,0.0,sunny
9.1,16.2,82.0,16.6,sunny
8.6,12.9,79.0,0.4,sunny
3.6,9.5,87.0,9.6,sunny
-0.3,10.8,99.0,0.2,rainy
4.4,12.8,90.0,0.0,sunny
-0.4,14.0,100.0,0.2,rainy
0.4,16.5,94.0,0.0,rainy
2.1,13.4,100.0,0.0,rainy
7.3,15.2,100.0,5.0,sunny
8.5,17.3,100.0,0.0,sunny
6.2,16.8,100.0,0.4,rainy
9.9,18.2,92.0,6.8,sunny
7.1,10.8,82.0,24.2,sunny
-0.2,10.1,86.0,0.6,rainy
4.7,11.5,89.0,12.0,sunny
4.5,11.3,85.0,4.0,sunny
6.9,12.6,90.0,10.6,sunny
5.9,10.8,85.0,0.0,sunny
7.7,12.2,94.0,0.8,sunny
8.3,12.1,96.0,0.2,sunny
8.0,14.3,93.0,2.2,sunny
9.6,11.8,100.0,3.8,sunny
8.3,13.7,83.0,21.0,sunny
-0.2,15.4,85.0,0.0,rainy
1.4,15.1,76.0,0.2,rainy
0.5,15.3,79.0,0.0,rainy
1.2,13.0,100.0,0.0,rainy
0.7,15.6,88.0,0.2,rainy
1.4,15.1,89.0,0.0,rainy
1.8,17.2,87.0,0.0,rainy
7.4,15.0,79.0,2.6,sunny
4.7,13.4,81.0,0.2,sunny
0.7,11.6,100.0,0.0,rainy
4.7,15.4,87.0,0.6,rainy
4.7,16.6,81.0,0.2,rainy
2.2,16.8,100.0,0.0,rainy
1.7,18.5,89.0,0.0,rainy
6.0,18.0,92.0,0.0,rainy
4.0,19.6,100.0,0.0,rainy
9.3,16.4,58.0,0.0,sunny
5.3,12.0,86.0,11.0,sunny
5.4,15.4,83.0,1.0,sunny
8.4,13.9,91.0,0.2,sunny
4.2,15.7,88.0,11.0,rainy
2.6,12.2,79.0,0.0,sunny
3.3,14.1,97.0,0.2,rainy
0.2,13.6,100.0,0.0,rainy
0.7,13.5,85.0,0.2,rainy
2.1,16.9,89.0,0.0,rainy
3.4,18.2,85.0,0.0,rainy
7.8,15.3,81.0,0.0,sunny
10.6,18.4,100.0,22.0,sunny
8.5,16.7,96.0,0.4,sunny
6.1,13.9,87.0,0.2,sunny
9.6,16.6,90.0,33.6,sunny
7.7,15.1,82.0,0.6,sunny
4.4,15.9,93.0,0.0,rainy
4.4,18.1,100.0,0.0,rainy
5.5,20.5,90.0,0.0,rainy
8.1,20.3,94.0,0.0,rainy
12.6,17.8,86.0,4.0,sunny
11.2,17.7,91.0,17.0,sunny
3.7,14.9,81.0,0.2,rainy
5.1,17.8,86.0,0.0,rainy
6.9,19.7,79.0,0.0,rainy
12.4,16.2,84.0,8.6,sunny
8.3,13.6,88.0,10.8,sunny
9.4,16.1,87.0,0.4,sunny
4.4,18.2,86.0,0.6,rainy
7.1,13.8,98.0,1.2,sunny
7.4,15.9,81.0,7.4,sunny
5.3,14.9,74.0,0.0,sunny
9.8,16.2,96.0,12.8,sunny
9.3,18.8,76.0,0.0,sunny
4.9,20.5,73.0,0.0,rainy
8.3,20.5,83.0,0.0,rainy
11.0,17.5,96.0,3.0,sunny
4.8,15.9,73.0,0.0,rainy
7.1,15.2,79.0,2.8,sunny
5.3,17.9,78.0,1.8,rainy
11.1,14.8,89.0,20.6,sunny
8.4,13.7,98.0,16.2,sunny
9.2,14.9,98.0,9.0,sunny
5.9,21.7,86.0,0.8,rainy
10.8,15.1,76.0,12.4,sunny
8.3,15.0,90.0,8.6,sunny
3.5,15.7,78.0,7.8,rainy
7.0,21.6,72.0,0.0,rainy
9.0,23.8,86.0,0.0,rainy
11.8,22.1,83.0,0.0,rainy
8.3,20.9,76.0,0.0,rainy
9.6,14.8,89.0,6.6,sunny
5.7,14.8,81.0,0.6,sunny
5.3,16.7,75.0,0.2,rainy
6.9,18.5,57.0,0.2,rainy
4.2,20.7,77.0,0.0,rainy
5.7,22.4,82.0,0.0,rainy
11.8,24.9,53.0,0.0,rainy
9.7,17.6,85.0,9.6,sunny
10.1,16.4,82.0,0.8,sunny
4.7,16.2,73.0,2.6,rainy
3.6,19.4,78.0,0.2,rainy
7.4,23.7,75.0,0.0,rainy
6.4,16.2,73.0,1.0,sunny
3.3,17.6,67.0,0.0,rainy
3.6,19.0,67.0,0.0,rainy
5.3,22.9,82.0,0.0,rainy
12.7,24.6,52.0,0.0,rainy
8.2,22.2,72.0,0.0,rainy
7.5,23.3,65.0,0.0,rainy
9.3,25.7,72.0,0.0,rainy
14.7,24.3,64.0,0.0,sunny
5.1,17.0,67.0,1.0,rainy
7.1,18.6,63.0,0.0,rainy
7.6,19.7,72.0,0.0,rainy
6.9,23.0,71.0,0.0,rainy
7.6,28.2,70.0,0.0,rainy
9.6,18.4,57.0,0.0,sunny
7.9,20.9,66.0,0.0,rainy
8.8,29.4,70.0,0.0,rainy
11.6,24.9,64.0,0.0,rainy
9.7,25.9,73.0,0.0,rainy
9.9,24.4,67.0,0.0,rainy
7.7,26.9,67.0,0.0,rainy
14.1,27.1,87.0,8.0,rainy
11.7,16.0,87.0,1.8,sunny
11.3,20.9,80.0,18.8,sunny
6.9,22.9,61.0,0.8,rainy
8.9,26.3,74.0,0.0,rainy
11.0,29.3,73.0,0.0,rainy
14.0,29.9,66.0,0.0,rainy
14.8,31.5,74.0,0.0,rainy
14.6,32.0,59.0,0.0,rainy
19.2,36.2,66.0,0.8,rainy
21.6,26.6,51.0,0.0,sunny
14.3,21.6,98.0,19.2,sunny
5.9,21.6,62.0,0.2,rainy
8.2,22.0,55.0,0.0,rainy
7.3,24.5,63.0,0.0,rainy
9.3,28.1,67.0,0.0,rainy
11.4,29.2,56.0,0.0,rainy
10.8,29.4,62.0,0.0,rainy
12.9,32.2,56.0,0.0,rainy
13.7,30.2,58.0,0.0,rainy
12.8,30.8,61.0,0.0,rainy
13.8,31.2,58.0,0.0,rainy
12.8,32.8,46.0,0.0,sunny
19.3,32.8,62.0,0.0,rainy
19.8,26.1,72.0,0.0,sunny
10.0,29.6,62.0,0.0,rainy
11.5,29.7,51.0,0.0,rainy
9.9,21.0,54.0,1.0,rainy
7.5,26.9,56.0,0.0,rainy
10.7,29.8,57.0,0.0,rainy
11.7,33.0,57.0,0.0,rainy
13.4,37.2,51.0,0.0,rainy
20.4,26.9,65.0,0.4,sunny
13.8,29.8,51.0,0.0,rainy
16.0,22.7,93.0,5.2,sunny
17.3,28.5,72.0,0.0,rainy
9.0,26.3,40.0,0.0,sunny
10.3,29.5,52.0,0.0,rainy
13.1,29.6,67.0,0.0,rainy
9.7,28.3,47.0,1.2,sunny
14.1,31.4,47.0,0.0,sunny
15.4,35.3,49.0,0.0,sunny
17.5,34.0,49.0,0.0,sunny
15.9,35.6,58.0,1.6,rainy
17.6,36.5,45.0,0.0,sunny
20.9,31.5,88.0,2.0,rainy
21.9,35.6,50.0,0.0,sunny
22.0,27.7,93.0,3.8,sunny
22.8,32.1,85.0,3.2,sunny
15.9,33.1,54.0,4.4,rainy
15.5,31.6,63.0,0.0,rainy
14.9,32.0,63.0,0.0,rainy
13.7,32.0,51.0,0.0,rainy
16.2,33.0,53.0,0.0,rainy
18.0,33.5,48.0,0.0,sunny
17.1,35.4,60.0,0.0,rainy
17.9,35.4,48.0,0.0,sunny
19.1,36.0,67.0,0.0,rainy
21.3,30.7,61.0,0.0,sunny
19.8,31.0,77.0,10.6,rainy
20.1,34.2,72.0,0.0,rainy
14.5,35.0,57.0,0.0,rainy
16.7,32.0,64.0,0.0,rainy
16.9,25.4,62.0,14.2,sunny
11.5,31.6,62.0,0.0,rainy
13.3,34.8,62.0,0.0,rainy
16.0,40.9,56.0,0.0,rainy
16.7,30.4,44.0,0.0,sunny
14.9,33.3,52.0,0.0,rainy
18.6,28.1,100.0,18.0,sunny
11.4,30.1,64.0,2.6,rainy
14.6,32.9,61.0,0.0,rainy
19.2,39.3,58.0,0.0,rainy
23.2,32.6,71.0,0.0,sunny
16.3,32.4,53.0,0.0,rainy
15.8,34.2,56.0,0.0,rainy
17.4,35.9,55.0,0.0,rainy
17.5,36.9,64.0,0.0,rainy
16.8,38.5,50.0,0.0,sunny
16.4,42.5,46.0,0.0,sunny
23.5,32.1,59.0,0.0,sunny
15.7,27.8,55.0,0.0,rainy
11.9,28.1,65.0,0.0,rainy
12.0,33.6,63.0,0.0,rainy
14.5,34.3,58.0,0.0,rainy
18.9,32.6,49.0,0.0,sunny
20.9,23.8,94.0,3.4,sunny
18.9,33.1,66.0,5.2,rainy
20.0,35.8,49.0,0.0,sunny
20.5,40.3,62.0,0.0,rainy
23.0,43.7,67.0,0.0,rainy
23.9,40.7,61.0,0.0,rainy
20.0,21.2,72.0,1.4,sunny
10.0,25.6,57.0,1.0,rainy
11.5,28.6,57.0,0.0,rainy
11.9,32.9,65.0,0.0,rainy
13.4,37.8,50.0,0.0,sunny
17.5,32.0,53.0,0.0,rainy
13.9,25.1,62.0,1.0,rainy
7.5,22.1,82.0,0.0,rainy
8.4,27.1,73.0,0.0,rainy
10.6,34.7,60.0,0.0,rainy
14.5,35.9,53.0,0.0,rainy
15.1,33.6,52.0,0.0,rainy
15.4,30.3,51.0,0.0,rainy
14.7,30.9,55.0,0.0,rainy
14.1,32.2,60.0,0.0,rainy
15.3,33.6,59.0,0.0,rainy
16.7,34.3,57.0,0.0,rainy
17.7,34.5,58.0,0.0,rainy
18.5,32.1,51.0,0.0,rainy
18.9,31.2,62.0,0.0,rainy
19.2,32.4,77.0,0.0,rainy
15.4,29.9,47.0,0.0,sunny
16.8,29.9,47.0,0.0,sunny
12.4,29.5,57.0,0.0,rainy
11.9,30.3,67.0,0.0,rainy
11.0,32.7,51.0,0.0,rainy
14.3,32.5,49.0,0.0,sunny
16.0,30.9,65.0,0.0,rainy
15.4,33.9,65.0,0.0,rainy
16.7,33.8,60.0,0.0,rainy
20.9,31.5,56.0,0.0,rainy
19.3,31.2,55.0,0.0,rainy
13.6,32.6,52.0,0.0,rainy
15.3,34.9,62.0,0.0,rainy
19.4,23.7,64.0,0.0,sunny
14.2,27.8,68.0,0.0,rainy
17.6,24.4,82.0,0.0,sunny
15.6,30.3,86.0,0.2,rainy
17.5,34.7,81.0,0.0,rainy
12.3,26.0,74.0,3.2,rainy
10.5,28.0,76.0,0.2,rainy
11.7,21.3,68.0,0.0,sunny
6.5,21.4,67.0,0.0,rainy
6.0,22.1,80.0,0.0,rainy
7.6,22.8,54.0,0.0,rainy
12.1,23.9,54.0,0.0,rainy
8.6,23.9,65.0,0.0,rainy
9.1,24.2,63.0,0.0,rainy
9.3,24.8,64.0,0.0,rainy
8.7,25.4,68.0,0.0,rainy
9.1,24.2,73.0,0.0,rainy
14.1,19.9,69.0,1.8,sunny
7.8,17.4,89.0,10.8,sunny
5.9,21.3,81.0,0.2,rainy
8.1,23.9,64.0,0.0,rainy
8.4,24.1,76.0,0.0,rainy
7.8,24.2,76.0,0.0,rainy
5.7,21.2,77.0,0.0,rainy
6.4,21.4,75.0,0.0,rainy
8.6,24.8,71.0,0.0,rainy
11.0,26.9,68.0,0.0,rainy
9.6,24.6,78.0,0.0,rainy
9.7,26.3,75.0,0.0,rainy
14.5,17.6,95.0,1.0,sunny
14.8,19.7,100.0,17.2,sunny
11.2,23.8,87.0,0.6,rainy
11.0,23.3,81.0,0.0,rainy
15.4,20.4,100.0,9.6,sunny
10.0,15.7,85.0,31.2,sunny
2.4,16.7,71.0,0.2,rainy
3.5,17.3,79.0,0.0,rainy
6.3,19.8,100.0,0.0,rainy
6.8,19.9,99.0,0.0,rainy
7.1,19.1,96.0,0.0,rainy
9.7,16.4,81.0,0.0,sunny
2.4,17.9,66.0,0.0,rainy
3.5,18.8,72.0,0.0,rainy
4.5,18.7,80.0,0.0,rainy
6.9,21.1,98.0,0.0,rainy
4.1,16.1,70.0,0.0,rainy
1.7,16.8,80.0,0.0,rainy
2.7,18.1,79.0,0.0,rainy
3.1,19.8,76.0,0.0,rainy
3.9,19.9,100.0,0.0,rainy
4.2,16.4,100.0,0.0,rainy
4.6,19.4,83.0,0.0,rainy
7.7,18.2,82.0,0.0,rainy
4.7,19.6,90.0,0.0,rainy
4.0,18.8,79.0,0.0,rainy
4.4,17.6,91.0,0.0,rainy
6.7,22.6,77.0,0.0,rainy
9.8,15.3,70.0,0.0,sunny
11.2,19.2,100.0,18.6,sunny
6.8,18.4,100.0,0.2,rainy
5.9,17.4,100.0,0.2,rainy
4.4,19.6,100.0,0.0,rainy
9.9,15.8,84.0,6.2,sunny
4.2,14.0,100.0,0.2,sunny
8.7,15.6,93.0,0.0,sunny
6.1,17.6,94.0,0.0,rainy
9.0,14.3,93.0,7.0,sunny
2.8,12.4,91.0,7.4,sunny
6.0,9.4,96.0,0.4,sunny
-0.4,13.3,100.0,5.2,rainy
-1.1,14.5,90.0,0.0,rainy
-0.8,14.1,90.0,0.2,rainy
-0.5,15.3,90.0,0.0,rainy
-0.9,14.5,95.0,0.0,rainy
1.2,12.5,100.0,0.2,rainy
3.6,14.5,90.0,4.2,rainy
-0.6,15.8,81.0,0.0,rainy
0.7,15.6,90.0,0.0,rainy
1.1,15.2,100.0,0.0,rainy
1.9,16.7,94.0,0.0,rainy
1.4,16.6,100.0,0.0,rainy
1.9,15.1,100.0,0.2,rainy
3.3,15.9,100.0,0.2,rainy
1.6,15.3,100.0,0.2,rainy
2.1,14.7,100.0,0.0,rainy
3.2,12.9,100.0,0.2,sunny
3.6,15.5,100.0,0.0,rainy
1.0,17.0,100.0,0.0,rainy
-0.2,14.7,100.0,0.0,rainy
1.2,14.9,100.0,0.2,rainy
1.2,15.2,100.0,0.4,rainy
0.8,13.4,100.0,0.0,rainy
1.1,11.9,100.0,0.0,rainy
1.1,14.1,100.0,0.2,rainy
3.9,10.9,88.0,0.0,sunny
13.3,34.2,67.0,0.0,rainy
14.7,26.1,59.0,0.0,rainy
13.6,22.3,57.0,0.0,sunny
17.7,31.2,62.0,0.0,rainy
15.5,38.8,67.0,0.0,rainy
14.0,39.3,56.0,0.0,rainy
15.3,40.3,69.0,0.0,rainy
18.9,22.3,75.0,0.0,sunny
14.8,22.4,65.0,0.4,sunny
11.9,26.0,63.0,0.2,rainy
12.6,30.2,61.0,0.0,rainy
15.3,29.4,78.0,4.0,rainy
18.4,32.7,83.0,0.0,rainy
15.9,39.9,70.0,0.0,rainy
18.0,42.9,43.0,0.0,sunny
14.6,34.5,50.0,0.4,sunny
15.5,23.7,53.0,0.0,sunny
10.3,28.7,58.0,0.0,rainy
11.3,33.5,63.0,0.0,rainy
14.6,39.2,61.0,0.0,rainy
20.5,38.4,58.0,0.4,rainy
19.6,33.7,69.0,19.4,rainy
20.3,36.1,63.0,0.2,rainy
20.8,40.7,61.0,0.0,rainy
18.7,28.4,61.0,0.0,sunny
19.7,31.0,65.0,0.0,rainy
19.3,28.0,93.0,3.6,sunny
16.3,35.7,83.0,0.0,rainy
16.1,35.4,75.0,0.0,rainy
17.4,34.6,68.0,0.0,rainy
15.9,36.6,75.0,0.0,rainy
18.3,31.3,70.0,0.0,rainy
19.5,35.1,78.0,0.0,rainy
19.5,33.4,67.0,0.0,rainy
20.6,32.6,72.0,0.0,rainy
18.9,39.7,75.0,0.0,rainy
20.4,40.1,65.0,0.0,rainy
19.2,42.0,59.0,0.8,rainy
17.0,40.0,51.0,0.0,rainy
20.6,23.3,79.0,0.0,sunny
16.6,19.4,92.0,2.0,sunny
15.5,22.1,79.0,4.6,sunny
14.3,20.3,78.0,4.2,sunny
14.3,21.1,89.0,1.0,sunny
14.6,18.1,94.0,21.2,sunny
15.0,21.9,91.0,36.0,sunny
16.2,25.0,78.0,23.4,sunny
15.8,22.3,91.0,0.8,sunny
17.0,27.4,89.0,9.8,rainy
16.6,31.2,78.0,0.0,rainy
17.4,31.3,76.0,0.2,rainy
20.2,26.7,92.0,1.0,sunny
17.8,26.1,80.0,0.2,sunny
17.4,30.3,73.0,0.0,rainy
16.6,31.5,91.0,4.2,rainy
19.5,28.5,84.0,0.2,sunny
16.5,25.7,75.0,0.0,sunny
12.9,25.8,78.0,0.0,rainy
12.7,32.0,81.0,0.0,rainy
17.6,28.4,78.0,0.0,rainy
18.1,27.9,85.0,0.0,sunny
16.2,27.6,91.0,0.0,rainy
19.7,24.6,88.0,0.0,sunny
9.4,25.8,44.0,0.0,sunny
8.6,25.4,76.0,0.0,rainy
13.1,28.8,80.0,0.0,rainy
17.4,25.1,80.0,0.0,sunny
16.0,24.1,98.0,12.4,sunny
16.9,25.9,96.0,0.8,sunny
14.4,22.9,73.0,0.2,sunny
14.6,26.1,99.0,4.8,rainy
16.4,27.2,91.0,0.0,rainy
15.1,28.8,96.0,0.0,rainy
15.1,30.4,99.0,24.6,rainy
11.9,27.0,50.0,0.0,sunny
9.4,25.8,63.0,0.0,rainy
14.5,26.1,71.0,0.0,rainy
11.8,30.0,92.0,0.0,rainy
14.7,29.7,90.0,0.0,rainy
14.7,26.5,99.0,0.0,rainy
12.0,28.0,98.0,0.0,rainy
13.7,29.3,97.0,0.0,rainy
15.6,32.4,97.0,0.0,rainy
15.0,33.1,99.0,0.0,rainy
17.0,31.3,97.0,24.8,rainy
18.4,23.4,80.0,3.8,sunny
12.6,25.0,89.0,0.2,rainy
11.3,26.4,96.0,0.0,rainy
15.0,26.2,84.0,0.0,rainy
17.6,21.4,87.0,3.2,sunny
17.6,22.9,97.0,32.0,sunny
18.6,24.9,97.0,15.4,sunny
18.1,26.8,99.0,4.0,sunny
17.2,20.2,86.0,1.8,sunny
15.5,23.7,67.0,0.0,sunny
11.7,21.3,73.0,0.2,sunny
13.1,22.1,72.0,0.0,sunny
9.3,23.4,67.0,0.0,rainy
10.3,23.5,79.0,0.0,rainy
10.7,24.8,85.0,0.0,rainy
14.5,24.2,85.0,0.0,sunny
16.5,24.0,85.0,0.8,sunny
17.7,22.3,92.0,0.2,sunny
14.9,27.3,95.0,13.0,rainy
11.3,28.3,92.0,0.4,rainy
8.9,23.9,61.0,0.0,rainy
7.2,23.4,73.0,0.0,rainy
11.7,23.2,67.0,0.0,rainy
14.0,19.9,67.0,0.0,sunny
13.0,18.6,90.0,3.2,sunny
13.2,20.4,85.0,2.4,sunny
13.7,21.9,85.0,8.4,sunny
13.6,21.1,77.0,1.6,sunny
7.9,22.6,99.0,0.2,rainy
12.8,22.5,52.0,0.4,sunny
12.7,18.9,49.0,0.0,sunny
4.8,17.7,48.0,0.0,sunny
4.8,21.1,57.0,0.0,rainy
4.6,17.8,71.0,0.0,rainy
6.7,19.0,68.0,0.0,rainy
4.2,21.4,90.0,0.0,rainy
4.8,22.1,66.0,0.0,rainy
8.5,21.9,73.0,0.0,rainy
6.3,23.3,93.0,0.0,rainy
9.9,20.8,72.0,0.0,rainy
7.1,22.2,99.0,0.0,rainy
6.3,22.9,91.0,0.0,rainy
8.5,20.8,69.0,0.0,rainy
6.7,22.2,84.0,0.0,rainy
9.4,19.1,65.0,0.0,sunny
7.9,20.9,84.0,0.4,rainy
3.7,20.7,98.0,0.4,rainy
3.4,21.0,99.0,0.0,rainy
2.6,20.3,73.0,0.0,rainy
4.4,21.0,66.0,0.0,rainy
12.2,22.0,59.0,0.0,sunny
2.8,20.9,80.0,0.0,rainy
5.7,20.9,75.0,0.0,rainy
11.4,21.4,99.0,1.0,sunny
12.9,19.2,99.0,17.2,sunny
12.8,19.0,84.0,46.4,sunny
13.7,18.6,72.0,5.0,sunny
14.2,20.6,86.0,15.8,sunny
12.6,21.1,85.0,1.6,sunny
9.5,19.3,94.0,0.2,sunny
7.6,21.8,99.0,0.0,rainy
10.1,15.6,99.0,0.0,sunny
9.0,17.9,99.0,14.2,sunny
8.3,17.4,70.0,0.0,sunny
8.0,17.8,70.0,0.0,sunny
9.8,19.0,98.0,11.4,sunny
10.1,16.3,91.0,0.4,sunny
10.5,18.7,91.0,0.0,sunny
12.3,19.0,99.0,8.6,sunny
8.5,17.6,99.0,0.2,sunny
10.2,19.5,99.0,0.0,sunny
3.4,18.8,92.0,0.2,rainy
7.0,19.0,99.0,1.2,rainy
4.1,18.8,83.0,0.0,rainy
4.3,16.8,70.0,0.0,rainy
7.4,13.4,46.0,0.0,sunny
0.0,16.9,72.0,0.0,rainy
1.9,17.0,99.0,0.0,rainy
4.2,13.3,99.0,0.0,sunny
2.1,19.5,99.0,0.2,rainy
3.8,17.4,72.0,0.0,rainy
8.8,16.6,73.0,0.0,sunny
7.3,16.4,86.0,0.6,sunny
8.0,18.5,89.0,2.8,rainy
7.8,16.4,99.0,1.4,sunny
0.0,19.3,100.0,0.0,rainy
4.5,19.8,100.0,0.0,rainy
1.6,17.1,100.0,0.2,rainy
2.6,16.0,100.0,0.6,rainy
4.0,18.3,90.0,0.0,rainy
5.8,15.8,97.0,0.2,sunny
8.1,18.9,100.0,0.0,rainy
3.7,20.6,89.0,0.0,rainy
7.6,18.1,99.0,0.0,rainy
8.4,20.4,55.0,0.0,rainy
5.0,18.2,52.0,0.0,rainy
7.5,15.3,53.0,0.0,sunny
4.1,16.5,57.0,0.0,rainy
5.9,16.7,63.0,0.0,rainy
0.0,15.9,99.0,0.0,rainy
3.3,14.5,71.0,0.0,rainy
5.5,15.6,98.0,1.2,rainy
6.0,17.0,100.0,5.6,rainy
7.1,18.0,99.0,1.8,rainy
5.4,16.1,100.0,0.0,rainy
6.1,18.3,99.0,0.2,rainy
7.9,17.8,64.0,0.0,sunny
4.6,16.0,69.0,0.0,rainy
-0.3,16.3,99.0,0.0,rainy
4.2,16.5,87.0,0.2,rainy
7.7,16.3,68.0,4.0,sunny
1.1,17.9,99.0,0.0,rainy
-0.3,19.5,94.0,0.0,rainy
0.4,19.8,96.0,0.2,rainy
0.9,22.6,81.0,0.0,rainy
5.3,25.4,62.0,0.0,rainy
7.6,17.0,63.0,1.6,sunny
4.0,17.0,72.0,0.0,rainy
-1.3,17.9,99.0,0.2,rainy
2.8,12.3,100.0,0.0,sunny
2.8,18.4,67.0,5.2,rainy
0.9,18.1,81.0,0.0,rainy
0.4,18.8,79.0,0.0,rainy
1.2,19.3,84.0,0.0,rainy
2.2,19.3,72.0,0.0,rainy
1.8,19.0,77.0,0.0,rainy
0.0,19.1,84.0,0.0,rainy
1.4,20.1,73.0,0.0,rainy
5.9,18.6,84.0,0.0,rainy
0.5,19.5,99.0,0.0,rainy
1.7,19.7,99.0,0.0,rainy
1.7,23.4,97.0,0.0,rainy
1.6,17.3,51.0,0.0,rainy
-0.9,18.1,73.0,0.0,rainy
-0.1,17.2,99.0,0.0,rainy
4.5,17.7,100.0,0.0,rainy
2.3,19.9,99.0,3.0,rainy
1.3,20.3,86.0,0.0,rainy
3.9,21.7,69.0,0.0,rainy
1.4,22.4,86.0,0.0,rainy
0.0,25.8,98.0,0.2,rainy
10.1,21.7,41.0,0.0,sunny
3.7,19.3,49.0,0.0,sunny
0.9,20.0,85.0,0.0,rainy
3.8,21.9,99.0,0.0,rainy
3.3,27.1,69.0,0.0,rainy
8.4,20.2,61.0,0.0,rainy
5.2,25.1,79.0,0.0,rainy
10.1,23.5,46.0,0.0,sunny
10.1,19.1,32.0,0.4,sunny
10.2,20.8,32.0,0.0,sunny
3.5,24.1,48.0,0.0,sunny
1.2,24.4,52.0,0.0,rainy
10.2,26.8,73.0,0.0,rainy
11.8,18.5,40.0,0.2,sunny
4.0,20.5,56.0,0.0,rainy
3.7,22.0,53.0,0.0,rainy
3.8,20.9,57.0,0.0,rainy
6.2,17.4,79.0,0.0,rainy
9.5,24.9,98.0,7.6,rainy
9.8,21.4,45.0,0.0,sunny
3.5,21.2,67.0,0.0,rainy
7.6,21.3,92.0,0.0,rainy
5.6,20.1,60.0,5.0,rainy
4.1,20.5,49.0,0.2,sunny
2.6,22.3,59.0,0.0,rainy
2.5,23.2,58.0,0.0,rainy
2.7,29.4,52.0,0.0,rainy
4.4,30.6,42.0,0.0,sunny
9.6,21.0,65.0,0.0,rainy
13.1,23.3,82.0,0.0,rainy
10.0,21.5,65.0,0.0,rainy
12.4,32.7,99.0,0.0,rainy
12.6,24.7,50.0,0.2,sunny
9.2,25.0,63.0,0.0,rainy
7.2,28.7,56.0,0.0,rainy
9.3,24.3,70.0,1.0,rainy
11.2,31.1,57.0,0.2,rainy
15.1,21.1,48.0,12.6,sunny
12.7,23.1,40.0,0.2,sunny
4.3,26.5,51.0,0.0,rainy
14.1,18.8,32.0,0.0,sunny
7.1,16.8,36.0,0.0,sunny
5.1,20.9,45.0,0.0,sunny
4.3,23.2,50.0,0.0,sunny
4.7,27.6,54.0,0.0,rainy
6.5,32.3,49.0,0.0,sunny
10.7,20.8,68.0,0.0,rainy
13.3,15.4,74.0,4.2,sunny
0.0,21.0,0.0,0.0,sunny
8.0,21.0,79.0,13.6,rainy
4.5,19.2,56.0,0.2,rainy
9.6,19.5,49.0,0.4,sunny
6.8,17.7,63.0,0.0,rainy
7.0,19.0,64.0,0.8,rainy
9.3,19.5,80.0,0.2,rainy
5.8,22.6,82.0,0.0,rainy
13.0,24.0,37.0,0.0,sunny
11.9,21.7,36.0,0.0,sunny
7.6,22.2,55.0,1.8,rainy
5.0,21.4,43.0,0.0,sunny
5.7,23.0,55.0,0.0,rainy
8.9,22.8,70.0,0.0,rainy
7.1,24.6,71.0,0.0,rainy
8.5,31.4,74.0,0.0,rainy
9.2,34.7,47.0,0.0,sunny
16.0,24.0,74.0,0.0,sunny
15.4,32.4,67.0,0.0,rainy
13.3,25.9,62.0,0.0,rainy
14.9,19.5,73.0,0.0,sunny
0.0,26.1,84.0,0.0,rainy
15.6,23.8,79.0,0.2,sunny
13.7,28.1,76.0,0.0,rainy
15.6,26.2,72.0,0.0,rainy
11.7,30.5,73.0,0.0,rainy
14.8,29.9,72.0,0.0,rainy
17.1,38.7,75.0,0.0,rainy
17.5,20.3,79.0,0.0,sunny
14.4,21.8,73.0,0.2,sunny
14.5,21.2,80.0,3.0,sunny
15.6,25.6,85.0,2.4,rainy
13.3,21.8,85.0,0.2,sunny
16.1,28.7,79.0,0.8,rainy
11.3,30.3,71.0,0.0,rainy
11.4,28.2,62.0,0.0,rainy
11.5,37.0,68.0,0.0,rainy
17.6,22.3,67.0,0.0,sunny
9.7,32.4,66.0,0.0,rainy
13.2,29.0,38.0,0.0,sunny
17.8,37.3,65.0,0.0,rainy
18.3,23.9,62.0,0.0,sunny
15.4,30.1,60.0,0.0,rainy
14.4,36.7,65.0,0.0,rainy
17.5,41.9,60.0,0.0,rainy
21.8,35.3,45.0,0.4,sunny
17.9,41.6,70.0,0.0,rainy
17.6,20.8,70.0,1.6,sunny
14.7,22.7,84.0,5.8,sunny
16.2,31.9,73.0,0.0,rainy
17.1,33.3,69.0,0.0,rainy
17.9,34.5,50.0,2.8,sunny
15.6,39.8,49.0,0.0,sunny
16.2,31.2,26.0,0.0,sunny
13.2,23.0,51.0,0.0,sunny
12.9,23.4,51.0,4.6,rainy
12.9,23.6,60.0,0.6,rainy
10.1,30.5,57.0,0.2,rainy
12.9,27.3,59.0,0.0,rainy
14.1,30.7,59.0,0.0,rainy
14.9,30.2,59.0,0.0,rainy
17.2,39.4,64.0,0.0,rainy
16.5,36.3,73.0,0.0,rainy
16.5,26.1,64.0,0.6,sunny
19.2,32.5,65.0,0.0,rainy
0.0,32.6,0.0,0.0,sunny
15.3,30.8,61.0,0.0,rainy
17.9,21.8,84.0,0.0,sunny
15.5,27.4,70.0,0.0,rainy
20.8,34.8,64.0,0.2,rainy
17.7,42.5,63.0,0.0,rainy
18.8,21.0,88.0,4.2,sunny
15.0,31.6,68.0,4.2,rainy
17.4,23.1,74.0,0.2,sunny
16.6,30.4,61.0,0.0,rainy
16.1,36.8,66.0,0.2,rainy
16.1,37.3,51.0,0.2,rainy
17.4,38.4,46.0,0.0,sunny
19.4,28.7,59.0,0.0,sunny
16.3,20.4,90.0,10.4,sunny
17.0,22.8,86.0,1.0,sunny
19.0,26.2,99.0,23.4,sunny
17.2,28.1,68.0,1.6,rainy
15.4,27.2,67.0,0.0,rainy
17.2,28.2,84.0,0.0,rainy
19.6,29.1,83.0,0.0,sunny
20.3,30.3,72.0,0.0,sunny
17.8,20.1,92.0,7.2,sunny
16.5,24.0,83.0,0.8,sunny
15.4,34.0,69.0,0.0,rainy
20.0,31.0,69.0,0.0,rainy
0.0,38.6,0.0,0.0,sunny
19.9,35.5,46.0,0.0,sunny
19.3,30.7,63.0,0.0,rainy
20.8,40.1,79.0,0.0,rainy
21.6,33.2,66.0,0.0,rainy
17.9,23.9,92.0,15.4,sunny
18.7,27.2,82.0,0.0,sunny
20.5,29.5,74.0,0.0,sunny
16.2,29.4,71.0,6.4,rainy
12.0,25.0,40.0,0.2,sunny
10.0,29.0,44.0,0.0,sunny
11.7,36.8,36.0,0.0,sunny
15.8,39.7,67.0,0.0,rainy
17.1,40.6,65.0,0.0,rainy
18.9,43.0,53.0,0.4,rainy
17.1,30.8,77.0,0.0,rainy
21.1,37.3,79.0,0.0,rainy
22.8,29.6,65.0,0.0,sunny
19.5,29.7,83.0,3.0,rainy
19.6,28.2,0.0,0.0,sunny
19.0,29.8,79.0,0.4,rainy
17.5,31.6,79.0,0.6,rainy
19.0,27.7,61.0,1.4,sunny
21.3,27.5,0.0,0.0,sunny
22.0,29.1,85.0,13.8,sunny
19.5,25.2,85.0,21.8,sunny
19.0,26.7,89.0,25.6,sunny
20.7,26.8,94.0,7.0,sunny
20.0,29.9,83.0,1.2,sunny
17.9,32.4,86.0,0.2,rainy
20.9,25.0,0.0,0.0,sunny
21.3,26.7,97.0,20.8,sunny
19.9,32.7,94.0,3.6,rainy
18.3,25.9,61.0,0.2,sunny
15.5,25.3,0.0,0.0,sunny
15.0,25.7,81.0,0.0,rainy
15.1,29.7,79.0,0.0,rainy
16.2,33.7,85.0,0.0,rainy
20.5,29.7,0.0,0.0,sunny
18.3,24.9,67.0,0.0,sunny
14.6,25.3,70.0,0.0,rainy
13.2,25.8,72.0,0.0,rainy
17.4,28.9,0.0,0.0,sunny
16.8,19.5,70.0,12.8,sunny
14.2,21.4,73.0,1.8,sunny
13.0,24.5,66.0,0.0,rainy
14.1,25.7,84.0,0.0,rainy
17.5,24.1,80.0,0.0,sunny
19.6,30.3,93.0,11.2,rainy
20.5,28.0,85.0,0.0,sunny
14.1,21.0,66.0,0.0,sunny
14.0,23.6,62.0,0.0,sunny
14.5,24.3,66.0,0.0,sunny
13.2,23.1,72.0,0.0,sunny
15.0,25.6,78.0,1.6,rainy
14.8,27.3,81.0,0.0,rainy
12.6,28.2,88.0,0.0,rainy
10.0,28.8,89.0,0.0,rainy
10.7,29.5,87.0,0.0,rainy
14.2,33.6,0.0,0.0,sunny
15.7,35.1,80.0,0.0,rainy
17.9,26.7,69.0,0.0,sunny
14.3,30.7,83.0,0.0,rainy
14.2,26.9,80.0,0.0,rainy
16.2,29.0,78.0,0.0,rainy
15.0,35.1,88.0,0.0,rainy
19.1,29.7,69.0,0.0,rainy
17.2,31.8,83.0,0.0,rainy
19.1,24.3,91.0,0.8,sunny
0.0,21.3,97.0,7.0,rainy
16.6,22.6,89.0,21.0,sunny
14.1,27.1,67.0,0.0,rainy
13.0,24.8,79.0,0.2,rainy
12.4,24.2,79.0,0.0,rainy
11.9,22.7,79.0,0.4,rainy
12.6,21.8,65.0,0.2,sunny
14.1,23.8,77.0,0.0,sunny
17.0,24.4,99.0,9.8,sunny
17.5,27.3,61.0,1.6,sunny
11.9,25.2,64.0,0.0,rainy
12.8,26.7,83.0,0.0,rainy
14.2,27.8,76.0,0.0,rainy
10.2,23.6,39.0,0.0,sunny
6.1,23.0,54.0,0.0,rainy
6.1,25.1,83.0,0.0,rainy
9.9,25.4,71.0,0.0,rainy
12.6,23.6,81.0,0.0,rainy
12.5,26.4,78.0,0.0,rainy
12.5,26.1,83.0,0.0,rainy
14.1,26.0,80.0,0.0,rainy
13.0,26.6,87.0,0.0,rainy
11.2,27.5,87.0,0.2,rainy
11.1,29.7,78.0,0.0,rainy
13.9,27.7,71.0,0.0,rainy
15.7,23.7,82.0,2.0,sunny
7.1,23.0,52.0,0.0,rainy
4.2,18.4,96.0,0.0,rainy
4.5,24.8,68.0,0.0,rainy
5.7,24.7,52.0,0.0,rainy
0.0,24.0,0.0,0.0,sunny
11.4,25.5,100.0,0.0,rainy
4.4,22.9,0.0,0.0,sunny
5.7,24.6,0.0,0.0,sunny
7.0,24.6,83.0,0.0,rainy
3.7,25.5,83.0,0.0,rainy
6.1,19.2,35.0,0.0,sunny
2.0,21.6,50.0,0.0,sunny
4.0,20.3,69.0,0.0,rainy
4.2,22.4,0.0,0.0,sunny
8.8,17.3,99.0,0.0,sunny
9.1,20.8,70.0,0.0,rainy
3.9,20.1,93.0,0.4,rainy
7.6,20.9,87.0,0.0,rainy
8.8,19.4,71.0,0.2,rainy
5.8,18.6,71.0,0.0,rainy
5.4,19.9,100.0,0.0,rainy
10.3,14.9,0.0,0.0,sunny
11.4,18.6,80.0,42.0,sunny
11.9,16.4,99.0,0.0,sunny
8.3,19.7,82.0,6.2,rainy
10.7,17.8,97.0,7.6,sunny
10.7,18.8,76.0,5.0,sunny
7.5,19.9,92.0,0.0,rainy
10.7,19.1,87.0,12.4,sunny
13.4,16.9,89.0,36.0,sunny
11.5,20.4,69.0,5.2,sunny
7.0,18.1,63.0,0.0,rainy
6.9,17.3,59.0,0.0,rainy
4.8,17.6,99.0,0.0,rainy
2.3,16.2,99.0,0.0,rainy
7.2,15.5,51.0,0.0,sunny
-0.1,17.0,83.0,0.0,rainy
1.9,16.2,85.0,0.0,rainy
3.2,17.5,68.0,0.0,rainy
3.6,18.0,77.0,0.0,rainy
3.2,18.3,99.0,0.0,rainy
2.7,18.8,100.0,0.2,rainy
7.0,19.0,82.0,0.0,rainy
2.7,18.2,76.0,0.0,rainy
1.4,18.9,80.0,0.0,rainy
2.1,19.3,89.0,0.0,rainy
10.8,16.5,80.0,0.0,sunny
8.4,15.2,91.0,0.0,sunny
8.6,17.8,100.0,3.6,sunny
7.9,18.1,100.0,0.0,rainy
9.8,19.2,89.0,0.4,sunny
2.0,15.9,70.0,0.0,rainy
1.5,15.5,69.0,0.2,rainy
-3.0,16.1,84.0,0.0,rainy
-1.0,16.4,83.0,0.2,rainy
2.2,12.1,95.0,0.0,sunny
3.7,15.6,68.0,1.6,rainy
4.3,18.0,65.0,0.0,rainy
4.9,14.5,80.0,0.0,sunny
9.0,16.7,100.0,1.6,sunny
8.0,17.5,71.0,1.0,sunny
5.6,16.4,70.0,0.0,rainy
6.9,17.5,91.0,1.6,rainy
8.9,15.2,100.0,0.0,sunny
4.7,18.2,100.0,0.6,rainy
8.4,16.9,99.0,0.0,sunny
11.6,17.3,53.0,0.6,sunny
6.4,16.6,51.0,0.0,rainy
2.3,16.7,62.0,0.0,rainy
1.3,17.5,83.0,0.0,rainy
-0.6,18.0,97.0,0.0,rainy
3.8,15.7,98.0,0.0,rainy
4.4,16.5,61.0,0.6,rainy
5.2,16.6,65.0,0.2,rainy
2.9,17.1,60.0,0.0,rainy
4.7,18.1,68.0,0.0,rainy
4.6,18.7,86.0,0.0,rainy
8.4,17.1,99.0,3.4,sunny
7.0,17.0,93.0,24.8,sunny
7.2,16.8,94.0,0.0,sunny
10.0,12.6,100.0,2.0,sunny
9.0,13.4,100.0,21.0,sunny
8.9,19.8,100.0,7.2,rainy
10.5,20.1,100.0,5.2,sunny
4.0,19.9,75.0,0.0,rainy
5.0,14.9,55.0,0.0,sunny
10.2,17.5,68.0,7.4,sunny
5.1,18.0,75.0,0.0,rainy
2.9,16.6,80.0,0.0,rainy
4.3,16.3,58.0,0.0,rainy
3.3,16.4,63.0,0.0,rainy
1.2,17.0,93.0,0.0,rainy
2.7,18.0,88.0,0.0,rainy
6.1,12.5,100.0,6.6,sunny
6.9,16.5,81.0,6.2,sunny
9.1,16.0,54.0,0.0,sunny
2.9,20.5,99.0,0.0,rainy
6.5,19.6,78.0,0.0,rainy
7.8,17.8,49.0,0.0,sunny
2.6,17.6,54.0,0.0,rainy
7.3,23.4,59.0,0.0,rainy
4.5,18.0,45.0,0.0,sunny
2.5,16.5,59.0,0.0,rainy
2.3,18.2,63.0,0.0,rainy
6.0,18.7,68.0,0.0,rainy
6.9,16.6,40.0,0.0,sunny
8.4,17.2,44.0,0.0,sunny
5.1,18.6,48.0,0.0,sunny
4.4,18.1,55.0,0.0,rainy
2.6,19.0,72.0,0.0,rainy
7.9,19.8,67.0,0.0,rainy
8.6,21.8,77.0,0.0,rainy
7.9,25.0,76.0,0.0,rainy
13.0,18.6,92.0,0.0,sunny
10.8,15.2,100.0,4.0,sunny
11.3,19.9,100.0,16.4,sunny
13.3,20.3,50.0,0.2,sunny
6.7,20.4,54.0,0.0,rainy
4.3,17.8,64.0,0.0,rainy
3.6,18.9,64.0,0.0,rainy
5.1,16.3,95.0,0.0,rainy
8.6,23.6,100.0,3.0,rainy
5.2,21.7,47.0,0.0,sunny
3.4,20.7,70.0,0.0,rainy
10.0,23.1,70.0,0.0,rainy
10.8,16.6,78.0,0.0,sunny
9.7,21.8,66.0,16.8,rainy
8.6,20.1,56.0,0.0,rainy
3.1,19.1,51.0,0.0,rainy
3.7,22.0,59.0,0.0,rainy
5.3,18.7,68.0,0.0,rainy
6.0,20.6,63.0,0.0,rainy
6.3,24.6,72.0,0.2,rainy
11.8,21.9,71.0,0.0,rainy
13.5,20.2,76.0,0.2,sunny
8.3,25.2,75.0,0.0,rainy
5.5,25.9,55.0,0.0,rainy
7.1,25.2,52.0,0.0,rainy
7.4,26.9,70.0,0.0,rainy
8.5,26.3,44.0,0.2,sunny
9.9,19.0,44.0,0.0,sunny
3.8,18.9,53.0,0.8,rainy
5.4,18.8,70.0,0.0,rainy
10.1,19.5,68.0,0.0,sunny
12.4,19.2,100.0,18.6,sunny
13.8,20.5,100.0,28.6,sunny
15.6,24.5,95.0,2.2,sunny
15.3,22.6,89.0,0.2,sunny
14.0,23.6,100.0,0.0,sunny
11.9,21.4,80.0,0.0,sunny
13.6,18.0,73.0,0.0,sunny
11.5,20.8,87.0,0.6,sunny
12.8,21.2,81.0,0.6,sunny
11.5,24.1,83.0,0.4,rainy
12.6,25.7,100.0,0.0,rainy
14.7,28.6,78.0,10.4,rainy
9.9,15.4,43.0,0.0,sunny
5.4,22.8,53.0,0.0,rainy
5.9,23.8,57.0,0.2,rainy
7.2,16.1,82.0,0.0,sunny
10.2,22.9,67.0,0.0,rainy
9.3,24.4,78.0,0.2,rainy
11.1,26.8,81.0,0.0,rainy
10.5,28.5,74.0,2.2,rainy
11.8,16.9,90.0,4.0,sunny
11.6,20.9,73.0,7.0,sunny
8.5,26.2,80.0,0.0,rainy
8.1,24.8,61.0,0.0,rainy
13.4,19.5,99.0,17.2,sunny
11.7,20.4,84.0,0.4,sunny
11.4,29.5,81.0,0.2,rainy
17.1,30.0,95.0,0.0,rainy
14.4,21.2,68.0,0.0,sunny
10.9,20.3,68.0,33.8,sunny
7.6,24.4,72.0,0.0,rainy
12.4,18.1,78.0,2.0,sunny
11.3,18.7,77.0,1.4,sunny
11.8,17.3,88.0,2.2,sunny
10.4,24.1,90.0,5.8,rainy
12.6,30.2,80.0,0.0,rainy
15.1,24.0,85.0,12.2,sunny
16.7,28.2,86.0,0.2,rainy
16.2,28.9,78.0,11.4,rainy
14.9,31.6,76.0,0.2,rainy
15.9,32.0,70.0,0.0,rainy
19.9,32.4,75.0,0.0,rainy
20.4,21.1,83.0,0.0,sunny
17.6,25.3,81.0,25.4,sunny
16.0,22.1,79.0,0.0,sunny
13.0,26.8,80.0,0.0,rainy
14.7,18.1,73.0,1.6,sunny
10.2,23.8,62.0,0.0,rainy
9.8,25.6,76.0,0.0,rainy
11.8,25.4,71.0,0.0,rainy
12.0,26.7,70.0,0.0,rainy
12.7,28.9,73.0,0.0,rainy
14.5,31.3,72.0,0.0,rainy
14.5,30.1,64.0,0.0,rainy
15.8,30.9,70.0,0.0,rainy
16.0,22.5,90.0,0.2,sunny
15.5,19.5,93.0,11.4,sunny
15.6,22.4,98.0,11.4,sunny
16.5,20.4,99.0,28.8,sunny
17.7,25.2,88.0,14.0,sunny
18.2,26.3,82.0,0.8,sunny
18.1,25.2,88.0,1.2,sunny
18.7,26.4,78.0,0.4,sunny
17.7,25.6,79.0,0.8,sunny
16.9,28.2,79.0,28.4,rainy
16.3,31.1,76.0,0.0,rainy
21.5,31.2,94.0,2.0,sunny
20.4,31.2,97.0,2.6,rainy
13.5,29.7,53.0,0.0,rainy
12.7,30.3,57.0,0.0,rainy
14.2,27.1,63.0,0.0,rainy
17.0,26.9,73.0,0.0,sunny
16.9,30.3,77.0,0.0,rainy
18.5,27.5,70.0,0.0,sunny
16.5,25.5,81.0,22.0,sunny
16.0,24.7,73.0,0.0,sunny
12.4,25.5,86.0,0.4,rainy
11.4,21.3,48.0,2.4,sunny
11.0,26.7,46.0,0.0,sunny
14.3,31.7,83.0,0.0,rainy
16.8,22.7,72.0,0.0,sunny
13.4,31.4,70.0,0.0,rainy
19.4,30.2,94.0,4.8,rainy
16.6,19.8,96.0,21.0,sunny
12.5,20.5,64.0,1.4,sunny
13.3,29.4,72.0,0.2,rainy
15.7,29.2,70.0,0.0,rainy
16.8,34.1,84.0,0.0,rainy
16.8,37.4,74.0,0.0,rainy
17.1,30.8,71.0,0.0,rainy
16.9,20.5,94.0,0.8,sunny
16.1,22.3,73.0,4.2,sunny
16.9,27.0,78.0,0.0,rainy
16.6,26.6,72.0,0.0,sunny
16.1,26.9,83.0,0.0,rainy
19.1,29.0,87.0,9.0,sunny
20.4,29.0,100.0,2.2,sunny
20.6,28.2,90.0,7.0,sunny
20.1,24.4,90.0,2.8,sunny
21.1,29.3,84.0,4.6,sunny
22.4,28.7,74.0,1.0,sunny
18.2,30.3,71.0,0.0,rainy
20.6,30.0,91.0,4.6,sunny
18.7,30.6,82.0,0.0,rainy
17.6,32.7,76.0,0.0,rainy
17.4,27.8,66.0,0.0,rainy
18.3,28.2,84.0,0.0,sunny
18.8,29.8,67.0,0.8,rainy
15.7,32.0,73.0,0.0,rainy
16.7,31.6,70.0,0.0,rainy
17.6,32.4,65.0,0.0,rainy
16.6,33.7,76.0,1.2,rainy
20.5,36.1,70.0,0.0,rainy
19.5,36.8,81.0,0.0,rainy
22.5,35.9,75.0,0.0,rainy
19.0,27.4,76.0,0.0,sunny
14.0,27.6,67.0,0.0,rainy
12.1,36.7,70.0,0.0,rainy
17.0,40.4,62.0,0.0,rainy
18.4,41.5,79.0,0.0,rainy
23.1,38.4,42.0,0.0,sunny
23.9,38.7,81.0,0.0,rainy
22.1,38.6,63.0,0.0,rainy
21.8,41.4,76.0,0.0,rainy
21.8,33.9,64.0,0.0,rainy
16.6,24.1,60.0,0.0,sunny
14.2,27.4,68.0,0.0,rainy
14.8,25.5,57.0,0.0,rainy
14.9,30.5,84.0,0.0,rainy
16.3,38.2,76.0,0.0,rainy
21.6,22.7,81.0,0.2,sunny
18.2,22.8,91.0,19.8,sunny
17.8,23.5,69.0,0.0,sunny
14.6,24.1,75.0,0.0,sunny
17.8,28.1,80.0,1.0,rainy
19.4,31.8,97.0,1.4,rainy
19.7,28.2,88.0,4.4,sunny
20.2,37.9,85.0,0.2,rainy
23.6,36.7,65.0,0.0,rainy
18.4,28.6,78.0,0.0,rainy
15.6,24.5,59.0,0.2,sunny
12.5,27.5,72.0,0.0,rainy
12.5,31.0,80.0,0.0,rainy
12.8,32.0,75.0,0.0,rainy
16.7,34.1,81.0,0.0,rainy
16.6,29.5,90.0,0.0,rainy
20.4,30.2,89.0,0.4,sunny
18.7,36.6,62.0,0.6,rainy
16.4,22.1,74.0,0.0,sunny
12.9,32.6,76.0,0.0,rainy
16.6,32.9,71.0,0.0,rainy
15.4,22.6,72.0,0.2,sunny
13.9,25.3,48.0,0.2,sunny
12.0,26.4,65.0,0.0,rainy
12.1,32.1,80.0,0.0,rainy
16.4,31.8,85.0,0.0,rainy
17.1,29.6,67.0,0.0,rainy
18.4,28.7,87.0,0.0,rainy
16.7,31.7,83.0,0.8,rainy
17.3,34.8,93.0,0.0,rainy
17.1,27.3,74.0,0.0,rainy
16.6,27.4,85.0,0.2,rainy
15.2,30.3,87.0,0.8,rainy
18.1,25.8,89.0,16.6,sunny
18.1,25.9,75.0,0.2,sunny
17.4,21.3,95.0,3.0,sunny
17.8,23.7,99.0,25.8,sunny
18.7,26.1,98.0,17.2,sunny
19.2,32.0,96.0,13.2,rainy
16.9,30.8,83.0,0.2,rainy
13.1,26.7,58.0,0.2,rainy
12.7,26.2,56.0,0.0,rainy
14.0,22.6,62.0,0.0,sunny
13.2,21.7,74.0,0.0,sunny
13.7,24.3,82.0,1.2,rainy
14.2,27.9,97.0,0.0,rainy
13.4,29.3,87.0,0.0,rainy
16.7,20.7,76.0,2.6,sunny
11.7,22.9,84.0,8.2,rainy
9.3,19.2,100.0,0.0,sunny
11.0,19.4,97.0,0.2,sunny
10.6,22.4,66.0,0.0,rainy
8.6,19.9,67.0,0.2,rainy
7.3,19.1,68.0,0.0,rainy
5.7,20.5,85.0,0.0,rainy
2.4,21.2,83.0,0.0,rainy
6.0,18.2,59.0,0.0,rainy
7.9,18.6,54.0,0.0,rainy
0.0,16.3,99.0,0.0,rainy
3.1,16.8,52.0,0.0,rainy
1.7,21.2,69.0,0.0,rainy
8.4,16.5,49.0,0.2,sunny
0.7,19.5,66.0,0.0,rainy
-0.1,20.6,81.0,0.0,rainy
2.2,19.6,77.0,0.0,rainy
2.9,20.4,86.0,0.0,rainy
5.1,21.3,100.0,0.0,rainy
5.0,22.6,100.0,0.0,rainy
5.7,24.1,80.0,0.0,rainy
5.9,22.6,100.0,0.0,rainy
10.8,22.6,92.0,3.0,rainy
6.5,19.3,56.0,0.0,rainy
9.5,16.7,58.0,1.2,sunny
9.4,20.4,54.0,0.0,rainy
3.2,17.6,80.0,0.0,rainy
2.9,19.0,79.0,0.0,rainy
7.3,18.6,93.0,0.0,rainy
10.6,15.8,99.0,4.4,sunny
12.4,18.2,96.0,34.8,sunny
12.3,18.8,86.0,32.8,sunny
12.0,20.3,89.0,3.2,sunny
6.8,20.7,92.0,0.0,rainy
6.2,17.9,98.0,0.0,rainy
5.0,17.4,78.0,0.0,rainy
2.9,17.6,63.0,0.0,rainy
0.8,14.4,98.0,0.0,rainy
3.2,13.5,53.0,0.0,rainy
3.8,16.6,55.0,0.4,rainy
6.7,16.6,54.0,0.0,sunny
6.6,16.1,68.0,0.0,sunny
9.8,16.1,84.0,0.8,sunny
9.4,13.9,79.0,0.0,sunny
10.7,15.3,86.0,8.8,sunny
10.8,16.8,80.0,7.8,sunny
11.0,17.5,82.0,7.2,sunny
3.1,17.6,99.0,0.0,rainy
6.0,17.5,56.0,0.0,rainy
1.9,18.7,87.0,0.0,rainy
1.8,19.1,88.0,0.0,rainy
6.6,20.5,71.0,0.0,rainy
2.9,15.8,64.0,0.0,rainy
2.4,19.4,75.0,0.0,rainy
0.8,17.7,90.0,0.0,rainy
2.3,18.6,100.0,0.0,rainy
-0.4,19.4,100.0,0.2,rainy
0.5,19.0,99.0,0.2,rainy
6.7,18.7,92.0,0.0,rainy
9.2,16.3,74.0,0.0,sunny
8.9,16.3,93.0,2.8,sunny
9.1,18.3,94.0,0.2,sunny
8.9,18.1,86.0,0.6,sunny
1.9,19.5,100.0,0.0,rainy
6.8,20.6,68.0,0.0,rainy
11.5,16.6,43.0,0.0,sunny
5.6,16.9,48.0,0.0,sunny
10.9,16.4,50.0,0.0,sunny
-1.4,17.2,81.0,0.0,rainy
1.9,16.6,66.0,0.0,rainy
-0.6,16.1,49.0,0.0,sunny
4.3,17.3,48.0,0.0,sunny
-1.7,17.9,84.0,0.0,rainy
4.7,11.3,86.0,0.0,sunny
3.0,14.8,73.0,0.0,rainy
1.1,15.7,71.0,0.0,rainy
7.6,15.1,100.0,0.8,sunny
8.1,16.8,98.0,0.2,sunny
3.0,19.0,100.0,0.0,rainy
0.7,14.2,99.0,0.4,rainy
2.3,17.8,77.0,7.4,rainy
10.4,12.7,86.0,1.0,sunny
10.1,13.6,86.0,28.4,sunny
7.7,15.9,72.0,7.4,sunny
3.7,14.3,85.0,0.0,rainy
3.7,18.5,89.0,0.2,rainy
0.6,18.2,97.0,0.0,rainy
3.6,17.0,71.0,0.0,rainy
1.1,18.3,100.0,0.2,rainy
0.5,19.3,100.0,0.0,rainy
0.5,19.2,100.0,0.2,rainy
0.4,19.0,100.0,0.0,rainy
3.7,21.9,100.0,0.0,rainy
1.7,22.7,100.0,0.0,rainy
7.2,24.2,100.0,0.0,rainy
4.2,24.3,89.0,0.0,rainy
3.8,21.6,84.0,0.0,rainy
9.0,19.1,100.0,1.0,rainy
2.7,17.4,100.0,5.0,rainy
2.5,16.4,100.0,0.0,rainy
0.3,17.8,100.0,0.0,rainy
0.2,17.8,100.0,0.0,rainy
5.8,17.7,86.0,2.4,rainy
1.5,18.3,100.0,0.2,rainy
7.8,17.8,100.0,0.0,sunny
4.2,18.8,100.0,0.2,rainy
6.0,18.9,100.0,0.0,rainy
5.9,13.2,100.0,0.0,sunny
8.2,17.5,100.0,12.8,sunny
2.9,15.5,100.0,0.6,rainy
9.9,19.0,72.0,20.4,sunny
8.4,17.7,69.0,1.0,sunny
7.8,17.6,85.0,0.2,sunny
9.1,17.6,87.0,0.0,sunny
7.8,19.5,100.0,0.2,rainy
2.8,21.7,100.0,0.0,rainy
3.3,21.8,97.0,0.2,rainy
8.0,19.1,100.0,0.2,rainy
5.4,20.7,100.0,0.0,rainy
5.0,22.5,78.0,0.2,rainy
8.9,18.5,83.0,0.0,sunny
7.4,21.0,92.0,0.0,rainy
10.8,21.5,88.0,0.0,rainy
9.5,17.4,62.0,0.0,sunny
4.6,20.2,95.0,0.0,rainy
4.2,23.0,100.0,0.0,rainy
9.3,24.2,100.0,0.0,rainy
6.3,26.1,95.0,0.6,rainy
9.4,20.7,56.0,1.8,rainy
8.6,18.0,73.0,0.0,sunny
10.8,16.2,100.0,7.2,sunny
5.7,17.0,49.0,2.0,sunny
5.5,19.1,51.0,0.2,rainy
6.1,19.1,48.0,0.0,sunny
1.2,23.4,81.0,0.0,rainy
3.6,25.7,48.0,0.0,sunny
10.0,22.4,76.0,0.0,rainy
4.6,28.7,84.0,0.0,rainy
7.8,27.8,51.0,0.0,rainy
6.1,29.9,100.0,0.2,rainy
13.4,26.0,71.0,0.0,rainy
8.8,26.6,38.0,0.0,sunny
5.6,24.6,43.0,0.0,sunny
5.6,24.1,50.0,0.0,sunny
4.7,31.0,72.0,0.0,rainy
12.8,18.1,88.0,0.2,sunny
11.2,16.1,100.0,22.2,sunny
9.6,19.1,68.0,22.6,sunny
6.4,20.9,76.0,0.2,rainy
7.5,16.2,90.0,0.2,sunny
14.2,20.6,100.0,10.8,sunny
10.1,19.6,50.0,0.2,sunny
5.1,18.6,65.0,0.0,rainy
9.5,16.3,100.0,4.6,sunny
7.7,19.1,75.0,10.8,rainy
6.9,18.3,73.0,0.2,rainy
7.3,18.9,83.0,0.0,rainy
10.0,19.2,84.0,0.0,sunny
12.3,21.9,100.0,1.6,sunny
14.7,21.3,100.0,5.4,sunny
9.8,22.6,100.0,3.8,rainy
6.7,23.3,100.0,0.0,rainy
8.9,22.0,52.0,0.0,rainy
4.9,21.4,68.0,0.0,rainy
12.6,21.2,77.0,0.0,sunny
12.9,17.8,95.0,0.0,sunny
14.4,25.9,100.0,0.0,rainy
13.2,26.5,49.0,0.0,sunny
5.5,20.6,64.0,0.0,rainy
11.4,22.0,58.0,0.0,rainy
6.8,24.9,81.0,0.0,rainy
6.8,28.3,86.0,0.0,rainy
10.2,30.7,67.0,0.0,rainy
10.5,29.8,83.0,0.0,rainy
12.9,29.9,78.0,0.0,rainy
12.9,33.5,73.0,0.0,rainy
17.7,19.3,100.0,0.8,sunny
11.5,16.9,92.0,12.0,sunny
10.9,18.3,84.0,1.4,sunny
12.5,24.4,83.0,0.0,rainy
13.7,28.1,92.0,0.0,rainy
15.4,27.5,100.0,1.8,rainy
9.8,22.6,55.0,0.2,rainy
10.4,25.2,85.0,0.0,rainy
13.4,18.3,100.0,4.4,sunny
12.9,23.1,64.0,5.6,rainy
12.8,28.4,68.0,0.2,rainy
12.9,33.8,79.0,0.0,rainy
17.4,34.6,100.0,0.0,rainy
17.1,32.9,100.0,9.0,rainy
19.9,28.6,78.0,0.0,sunny
14.4,25.8,73.0,0.0,rainy
15.7,29.1,79.0,0.0,rainy
14.6,26.9,79.0,0.0,rainy
14.9,37.2,100.0,0.0,rainy
14.2,29.7,63.0,0.0,rainy
12.8,24.4,69.0,0.0,rainy
14.7,20.3,100.0,11.0,sunny
16.0,27.4,82.0,5.2,rainy
17.9,34.7,91.0,0.0,rainy
18.4,34.8,73.0,0.0,rainy
11.4,24.7,76.0,0.8,rainy
17.1,19.9,100.0,4.2,sunny
13.6,16.3,100.0,31.0,sunny
13.7,17.5,84.0,14.0,sunny
13.4,19.6,100.0,7.8,sunny
14.7,29.5,100.0,43.2,rainy
15.7,29.3,49.0,3.2,sunny
13.2,31.4,66.0,0.0,rainy
15.4,31.2,82.0,0.0,rainy
19.8,30.4,90.0,0.0,rainy
13.4,21.4,59.0,2.0,sunny
11.6,20.3,56.0,0.2,sunny
9.3,24.6,57.0,0.0,rainy
10.3,22.2,70.0,0.0,rainy
8.7,19.9,59.0,6.4,rainy
11.3,18.1,75.0,0.2,sunny
9.1,21.6,65.0,0.0,rainy
14.6,20.9,99.0,15.8,sunny
13.5,24.1,74.0,11.2,rainy
15.2,24.9,85.0,0.0,sunny
14.5,28.1,73.0,0.0,rainy
15.9,19.7,100.0,15.2,sunny
15.7,22.9,70.0,3.4,sunny
11.7,22.1,65.0,3.0,rainy
14.3,23.4,64.0,0.0,sunny
10.7,20.5,69.0,0.0,sunny
14.7,23.4,66.0,0.0,sunny
12.2,24.4,84.0,0.0,rainy
16.2,24.0,96.0,1.8,sunny
16.8,24.4,76.0,32.8,sunny
17.0,24.8,81.0,0.0,sunny
16.4,22.1,98.0,0.6,sunny
17.3,26.6,96.0,5.8,sunny
17.3,28.6,89.0,0.2,rainy
16.0,29.4,89.0,0.2,rainy
17.1,28.0,78.0,0.0,rainy
18.6,23.8,70.0,0.8,sunny
16.3,25.7,55.0,0.0,sunny
14.1,25.2,65.0,0.0,rainy
13.2,24.5,70.0,0.0,rainy
12.0,24.9,78.0,0.0,rainy
11.7,30.3,75.0,0.2,rainy
13.6,29.9,71.0,0.0,rainy
15.5,33.0,76.0,0.0,rainy
17.9,35.0,73.0,0.0,rainy
18.0,27.4,64.0,0.0,sunny
17.8,21.9,76.0,1.8,sunny
11.4,28.2,74.0,0.0,rainy
17.0,31.4,89.0,0.0,rainy
19.1,30.6,58.0,6.4,rainy
14.6,29.5,44.0,0.2,sunny
16.7,26.7,40.0,0.0,sunny
8.9,24.1,46.0,0.0,sunny
9.5,29.2,59.0,0.0,rainy
17.0,21.6,79.0,0.8,sunny
16.9,24.6,86.0,13.0,sunny
16.8,25.6,89.0,10.6,sunny
15.7,27.7,80.0,2.2,rainy
17.3,30.8,70.0,0.2,rainy
17.8,28.2,87.0,0.0,rainy
18.4,27.8,66.0,0.0,sunny
19.3,25.4,88.0,0.0,sunny
17.3,25.8,78.0,4.2,sunny
15.7,25.5,75.0,1.4,sunny
15.3,24.0,79.0,1.0,sunny
18.9,24.2,100.0,6.8,sunny
19.5,27.3,92.0,61.4,sunny
18.0,27.3,75.0,0.0,sunny
17.2,28.5,80.0,0.0,rainy
20.9,32.8,83.0,1.6,rainy
21.4,29.5,54.0,0.0,sunny
15.8,19.0,97.0,4.0,sunny
15.9,18.3,100.0,8.8,sunny
15.6,20.3,100.0,20.4,sunny
16.9,27.8,96.0,14.4,rainy
15.4,30.9,100.0,0.0,rainy
17.3,27.6,83.0,0.0,rainy
17.4,21.1,90.0,0.0,sunny
17.7,23.1,83.0,0.6,sunny
17.1,24.7,84.0,1.0,sunny
16.6,26.3,100.0,48.2,sunny
16.8,25.4,91.0,7.0,sunny
13.2,27.0,91.0,6.6,rainy
16.4,26.2,76.0,0.2,sunny
16.2,26.3,84.0,5.2,rainy
15.0,27.1,89.0,0.2,rainy
14.2,28.6,83.0,0.0,rainy
14.8,29.4,86.0,0.0,rainy
16.4,28.9,76.0,7.2,rainy
17.5,29.6,79.0,0.0,rainy
17.5,28.8,92.0,48.6,rainy
17.5,26.6,86.0,14.6,sunny
14.7,26.6,79.0,0.0,rainy
14.0,30.1,90.0,0.0,rainy
15.7,30.9,86.0,0.0,rainy
14.4,29.2,100.0,0.0,rainy
19.2,26.7,85.0,0.0,sunny
20.4,32.1,82.0,0.0,rainy
21.7,30.3,84.0,0.0,sunny
19.7,20.9,97.0,6.2,sunny
18.3,27.3,100.0,38.4,sunny
16.8,18.9,95.0,10.0,sunny
15.8,20.4,96.0,18.2,sunny
16.8,28.2,86.0,1.8,rainy
17.0,27.1,67.0,7.8,rainy
16.9,24.3,78.0,0.0,sunny
13.7,21.4,69.0,0.2,sunny
14.0,21.0,89.0,67.8,sunny
11.7,27.2,88.0,5.4,rainy
12.9,27.1,88.0,0.0,rainy
14.7,26.8,74.0,0.0,rainy
15.9,25.4,88.0,0.0,sunny
13.9,27.5,92.0,0.0,rainy
14.6,27.5,96.0,0.0,rainy
18.4,28.6,89.0,0.0,rainy
19.3,29.6,92.0,0.0,rainy
18.6,21.0,98.0,39.2,sunny
14.6,23.3,70.0,2.0,sunny
14.9,23.4,82.0,0.4,sunny
15.6,24.9,86.0,1.8,sunny
17.6,27.0,89.0,0.0,sunny
16.6,18.9,82.0,0.0,sunny
14.2,24.6,87.0,3.6,rainy
8.1,23.9,57.0,0.0,rainy
10.5,22.2,82.0,0.0,rainy
13.2,25.0,89.0,0.0,rainy
15.2,26.9,92.0,0.0,rainy
16.9,23.7,98.0,0.0,sunny
13.8,27.4,100.0,1.2,rainy
12.9,26.1,100.0,0.2,rainy
11.9,27.8,100.0,0.0,rainy
11.7,28.0,73.0,0.0,rainy
14.4,26.6,80.0,6.0,rainy
12.5,28.7,100.0,0.2,rainy
14.6,27.7,85.0,0.0,rainy
15.4,27.4,75.0,0.0,rainy
14.4,25.9,75.0,0.0,rainy
13.4,28.5,84.0,0.0,rainy
16.8,23.4,74.0,0.0,sunny
8.4,23.7,49.0,0.0,sunny
7.4,18.5,52.0,0.6,rainy
8.2,20.7,57.0,0.2,rainy
11.6,22.8,68.0,0.0,rainy
7.2,25.3,84.0,0.2,rainy
10.0,25.8,76.0,0.0,rainy
12.6,26.3,74.0,0.0,rainy
11.7,25.0,76.0,0.0,rainy
14.1,20.9,81.0,0.0,sunny
16.0,19.4,99.0,31.8,sunny
16.9,25.2,93.0,82.4,sunny
14.1,26.6,100.0,0.6,rainy
15.3,25.7,98.0,0.0,rainy
12.7,19.8,100.0,1.2,sunny
14.9,18.3,99.0,1.6,sunny
13.1,23.1,100.0,4.2,rainy
5.8,19.3,60.0,0.4,rainy
10.0,21.1,63.0,0.0,rainy
9.1,22.4,83.0,0.0,rainy
10.4,22.9,97.0,0.0,rainy
9.3,18.3,65.0,0.0,sunny
8.4,20.4,82.0,0.0,rainy
7.6,22.2,92.0,0.0,rainy
7.1,23.9,93.0,0.0,rainy
10.1,22.0,89.0,1.0,rainy
8.1,20.4,57.0,0.0,rainy
7.5,21.1,70.0,0.0,rainy
3.9,20.3,80.0,0.0,rainy
5.7,18.6,96.0,0.0,rainy
4.5,23.5,87.0,0.0,rainy
4.8,25.0,81.0,0.0,rainy
7.3,27.1,85.0,0.0,rainy
9.3,27.0,99.0,0.0,rainy
8.5,19.6,71.0,0.0,rainy
8.1,17.4,51.0,0.0,sunny
2.8,17.3,67.0,0.0,rainy
4.0,19.1,69.0,0.0,rainy
5.9,20.1,80.0,0.0,rainy
4.1,19.9,100.0,0.2,rainy
4.2,21.5,100.0,0.0,rainy
2.4,21.4,100.0,0.2,rainy
6.0,19.2,78.0,0.0,rainy
6.1,19.9,100.0,0.0,rainy
2.1,20.4,99.0,0.2,rainy
1.0,20.8,100.0,0.0,rainy
1.5,12.6,100.0,0.0,rainy
8.4,17.6,100.0,11.4,sunny
3.1,17.0,50.0,0.0,sunny
3.7,18.1,82.0,0.0,rainy
6.1,18.4,78.0,0.0,rainy
8.4,18.4,79.0,0.0,sunny
6.6,19.3,91.0,0.0,rainy
7.7,20.1,73.0,0.0,rainy
9.0,18.3,100.0,0.0,sunny
11.7,16.8,100.0,0.6,sunny
12.7,15.3,100.0,16.0,sunny
9.3,19.5,100.0,0.2,rainy
5.6,14.2,82.0,0.0,sunny
9.3,13.7,80.0,13.2,sunny
6.1,16.9,72.0,0.2,rainy
1.3,16.9,91.0,0.2,rainy
1.8,17.2,93.0,0.0,rainy
4.8,15.8,87.0,0.2,rainy
10.0,13.2,97.0,11.6,sunny
10.3,18.4,91.0,30.8,sunny
9.3,17.3,85.0,4.6,sunny
8.5,18.2,100.0,0.8,sunny
6.7,20.4,100.0,0.0,rainy
5.8,11.9,99.0,0.2,sunny
4.9,17.2,79.0,6.8,rainy
2.8,17.8,83.0,0.0,rainy
2.2,18.4,85.0,0.0,rainy
1.4,15.8,99.0,0.0,rainy
0.3,17.4,99.0,0.0,rainy
4.3,16.2,50.0,0.0,sunny
2.2,16.1,80.0,0.0,rainy
0.4,17.4,84.0,0.0,rainy
-0.3,18.8,92.0,0.0,rainy
4.4,13.3,90.0,0.0,sunny
6.4,16.1,89.0,0.8,sunny
5.6,17.4,94.0,0.0,rainy
7.6,19.8,100.0,0.0,rainy
2.3,18.7,100.0,0.0,rainy
2.8,15.6,96.0,0.0,rainy
-0.2,15.3,85.0,0.0,rainy
1.0,15.5,78.0,0.0,rainy
4.6,15.8,61.0,0.0,rainy
5.5,15.3,63.0,0.0,sunny
8.1,16.1,75.0,1.2,sunny
4.3,16.8,75.0,0.0,rainy
5.9,18.2,97.0,0.0,rainy
2.1,17.7,100.0,0.0,rainy
3.3,13.8,100.0,0.0,rainy
6.7,19.6,83.0,8.0,rainy
6.3,13.6,95.0,0.2,sunny
7.3,21.9,100.0,2.0,rainy
4.5,18.9,87.0,0.0,rainy
2.4,17.3,70.0,0.0,rainy
2.8,20.0,78.0,0.0,rainy
1.4,19.9,100.0,0.0,rainy
2.0,18.5,100.0,0.0,rainy
3.8,15.7,70.0,0.0,rainy
1.9,16.8,75.0,0.0,rainy
5.7,16.5,72.0,0.0,rainy
6.4,17.6,76.0,0.0,rainy
8.5,15.6,90.0,3.6,sunny
8.9,15.3,88.0,2.0,sunny
4.5,17.8,100.0,0.2,rainy
5.3,18.4,100.0,0.0,rainy
2.3,17.1,100.0,0.6,rainy
2.6,16.8,73.0,0.0,rainy
2.6,16.8,74.0,0.0,rainy
4.4,15.7,61.0,0.0,rainy
2.4,15.2,65.0,0.0,rainy
3.2,15.8,72.0,0.0,rainy
2.9,16.9,67.0,0.0,rainy
1.8,18.0,87.0,0.0,rainy
-0.9,19.9,89.0,0.0,rainy
-0.6,21.9,92.0,0.0,rainy
6.3,17.9,42.0,0.0,sunny
-0.7,18.0,75.0,0.0,rainy
-1.1,21.0,74.0,0.0,rainy
4.7,18.9,76.0,0.0,rainy
5.4,17.7,46.0,0.0,sunny
7.2,17.6,51.0,0.0,rainy
9.5,16.0,55.0,0.0,sunny
5.7,18.5,64.0,0.0,rainy
0.5,19.5,84.0,0.0,rainy
0.9,23.8,83.0,0.0,rainy
4.9,19.7,56.0,0.0,rainy
1.1,21.0,62.0,0.0,rainy
6.2,17.8,48.0,0.0,sunny
5.7,19.9,57.0,0.0,rainy
0.8,18.6,67.0,0.0,rainy
4.1,21.1,72.0,0.0,rainy
4.0,24.9,75.0,0.0,rainy
7.8,28.8,51.0,0.0,rainy
9.6,18.9,50.0,3.0,sunny
4.1,19.7,50.0,0.0,sunny
2.8,19.6,52.0,0.2,rainy
2.0,21.5,88.0,0.0,rainy
5.2,21.4,60.0,0.0,rainy
6.5,18.5,45.0,0.0,sunny
-0.2,17.6,49.0,0.0,sunny
4.1,21.0,62.0,0.0,rainy
0.9,23.7,56.0,0.0,rainy
2.2,25.3,61.0,0.0,rainy
1.8,28.3,58.0,0.0,rainy
13.1,26.4,25.0,0.0,sunny
7.6,21.3,28.0,0.0,sunny
5.7,20.3,45.0,0.0,sunny
6.5,22.4,45.0,0.0,sunny
2.3,25.9,65.0,0.0,rainy
6.1,22.2,68.0,0.0,rainy
5.8,24.9,76.0,0.0,rainy
5.0,22.7,86.0,0.0,rainy
2.2,19.9,59.0,2.6,rainy
3.4,20.3,58.0,0.0,rainy
4.5,22.6,61.0,0.0,rainy
8.3,22.1,68.0,0.0,rainy
7.0,22.3,100.0,0.6,rainy
5.5,22.9,75.0,2.0,rainy
7.3,24.6,68.0,0.0,rainy
8.5,26.1,97.0,0.0,rainy
6.0,24.2,53.0,0.0,rainy
4.9,29.2,76.0,0.0,rainy
7.3,23.3,35.0,0.0,sunny
4.8,21.5,50.0,0.0,sunny
10.4,24.1,67.0,0.2,rainy
7.9,28.0,82.0,0.0,rainy
12.2,33.4,52.0,0.0,rainy
15.8,22.3,55.0,9.4,sunny
6.5,20.9,35.0,0.0,sunny
4.5,21.9,57.0,0.0,rainy
8.0,22.8,56.0,0.0,rainy
5.0,30.6,61.0,0.0,rainy
7.8,32.1,48.0,0.0,sunny
10.6,35.0,35.0,0.0,sunny
14.7,17.4,94.0,0.0,sunny
10.1,22.4,57.0,5.6,rainy
11.1,19.4,57.0,0.0,sunny
10.3,21.3,78.0,2.4,rainy
4.9,26.7,79.0,0.0,rainy
11.7,20.0,97.0,6.2,sunny
6.1,16.9,92.0,9.8,rainy
4.2,21.6,73.0,18.4,rainy
8.0,21.9,75.0,0.2,rainy
6.2,29.1,78.0,0.0,rainy
9.3,32.6,74.0,0.0,rainy
12.4,24.6,34.0,0.0,sunny
14.3,24.1,65.0,0.0,sunny
12.0,30.4,95.0,0.0,rainy
10.1,34.5,49.0,0.0,sunny
9.5,29.6,81.0,0.0,rainy
8.7,20.2,74.0,0.0,rainy
8.8,20.7,57.0,0.2,rainy
5.2,27.4,67.0,0.0,rainy
7.9,34.2,77.0,0.0,rainy
13.5,24.4,78.0,0.0,rainy
8.5,22.7,41.0,0.0,sunny
10.9,21.1,62.0,0.0,rainy
8.0,24.7,64.0,0.0,rainy
9.4,27.4,61.0,0.0,rainy
11.3,33.1,64.0,0.0,rainy
12.4,34.4,61.0,0.0,rainy
11.7,22.4,46.0,0.0,sunny
11.6,18.8,83.0,0.0,sunny
11.4,26.5,67.0,0.0,rainy
11.4,33.5,76.0,0.2,rainy
17.3,34.0,74.0,0.6,rainy
18.5,26.5,80.0,0.2,sunny
16.7,30.3,76.0,1.4,rainy
15.6,30.3,91.0,12.4,rainy
13.5,20.8,69.0,0.0,sunny
8.4,22.9,55.0,0.0,rainy
7.3,28.6,66.0,0.0,rainy
11.7,24.6,50.0,0.0,sunny
13.7,19.6,95.0,2.6,sunny
13.8,28.3,84.0,0.4,rainy
16.3,17.5,88.0,1.0,sunny
13.6,22.5,75.0,13.0,sunny
13.3,27.5,64.0,0.0,rainy
8.6,22.0,45.0,0.0,sunny
13.4,24.0,58.0,1.4,rainy
8.4,28.9,64.0,0.0,rainy
16.0,19.2,63.0,0.0,sunny
13.4,24.2,66.0,0.0,rainy
14.9,29.0,69.0,0.0,rainy
15.8,37.2,65.0,0.0,rainy
17.0,31.6,78.0,0.0,rainy
19.2,25.2,82.0,2.4,sunny
16.9,22.3,91.0,10.0,sunny
18.2,30.5,88.0,2.8,rainy
18.1,38.4,73.0,0.2,rainy
17.6,37.4,73.0,0.0,rainy
16.6,27.5,71.0,0.0,rainy
15.9,28.9,64.0,0.0,rainy
14.0,34.3,70.0,0.0,rainy
14.7,38.0,69.0,0.0,rainy
17.7,33.8,75.0,0.0,rainy
20.5,32.7,68.0,0.0,rainy
16.3,41.5,58.0,0.0,rainy
20.1,25.7,62.0,0.0,sunny
18.4,26.7,64.0,0.0,sunny
17.9,37.5,62.0,0.0,rainy
18.8,38.1,58.0,0.0,rainy
20.2,24.2,75.0,0.0,sunny
15.7,25.0,66.0,5.2,sunny
12.9,27.8,59.0,0.0,rainy
14.2,35.1,69.0,0.0,rainy
17.0,34.6,71.0,0.0,rainy
19.3,45.8,65.0,0.0,rainy
20.2,25.2,63.0,0.8,sunny
18.5,24.6,73.0,0.8,sunny
19.2,29.2,91.0,1.4,sunny
16.6,34.2,76.0,0.0,rainy
19.7,26.3,77.0,1.4,sunny
19.9,31.4,64.0,0.0,rainy
18.7,34.4,78.0,0.0,rainy
21.0,33.0,75.0,0.0,rainy
19.2,23.4,100.0,35.4,sunny
20.0,22.4,100.0,6.8,sunny
18.3,28.1,89.0,116.0,sunny
19.0,26.9,79.0,0.0,sunny
19.2,33.0,84.0,0.4,rainy
15.3,18.4,96.0,30.6,sunny
14.5,20.5,85.0,18.0,sunny
16.4,24.1,79.0,4.8,sunny
17.6,25.8,89.0,3.0,sunny
16.6,27.0,83.0,0.2,rainy
15.6,27.7,89.0,0.0,rainy
14.9,29.2,92.0,0.0,rainy
15.8,27.8,91.0,0.0,rainy
16.4,29.0,90.0,0.0,rainy
15.9,29.6,88.0,0.0,rainy
17.2,28.4,95.0,0.0,rainy
17.0,27.6,88.0,0.0,rainy
13.9,30.0,89.0,0.0,rainy
16.8,26.6,85.0,0.0,sunny
19.2,24.9,78.0,0.2,sunny
18.1,30.9,91.0,0.0,rainy
16.2,24.1,62.0,0.0,sunny
11.0,24.1,60.0,0.0,rainy
9.5,25.3,70.0,0.0,rainy
11.6,26.6,84.0,0.0,rainy
12.7,29.5,93.0,0.0,rainy
16.5,32.4,64.0,0.0,rainy
18.7,31.1,61.0,0.0,rainy
17.5,33.2,81.0,0.0,rainy
12.3,30.1,64.0,0.0,rainy
15.6,28.0,94.0,0.0,rainy
18.3,32.3,92.0,0.0,rainy
17.0,31.8,89.0,0.0,rainy
13.2,22.6,65.0,4.0,sunny
10.9,25.9,75.0,0.0,rainy
14.7,25.1,77.0,0.0,rainy
14.6,27.0,72.0,0.0,rainy
11.1,26.8,83.0,0.0,rainy
13.2,19.2,100.0,0.8,sunny
14.3,19.6,98.0,8.6,sunny
14.5,21.2,92.0,5.4,sunny
13.3,21.5,100.0,1.4,sunny
11.2,24.2,83.0,3.2,rainy
10.9,24.8,85.0,11.4,rainy
12.7,23.5,86.0,0.2,rainy
10.2,24.8,88.0,3.0,rainy
10.3,26.8,82.0,0.4,rainy
13.1,26.0,79.0,0.0,rainy
10.2,25.8,91.0,0.0,rainy
10.8,29.3,81.0,0.0,rainy
11.6,27.4,90.0,0.0,rainy
15.4,20.6,98.0,21.0,sunny
12.0,23.2,81.0,0.2,rainy
12.9,24.5,81.0,0.2,rainy
11.0,20.2,56.0,0.0,sunny
12.5,18.3,89.0,4.6,sunny
8.9,21.4,72.0,18.2,rainy
11.3,23.7,91.0,0.8,rainy
7.6,23.8,69.0,0.0,rainy
6.7,22.7,68.0,0.0,rainy
6.6,23.1,65.0,0.0,rainy
6.4,25.8,73.0,0.0,rainy
8.2,25.1,70.0,0.0,rainy
7.4,28.9,86.0,0.2,rainy
9.1,28.0,67.0,0.0,rainy
15.4,22.9,89.0,0.0,sunny
16.1,26.4,82.0,0.0,rainy
9.1,19.2,57.0,0.0,rainy
6.3,21.6,77.0,0.0,rainy
8.1,25.5,76.0,0.0,rainy
9.1,19.0,59.0,0.0,sunny
6.5,19.8,63.0,0.0,rainy
9.9,19.9,75.0,0.0,sunny
8.2,22.1,100.0,0.0,rainy
7.0,23.4,100.0,0.2,rainy
5.8,23.6,100.0,0.0,rainy
7.5,23.4,85.0,0.0,rainy
9.6,22.0,100.0,0.2,rainy
8.5,19.1,100.0,0.0,rainy
12.2,19.2,61.0,1.8,sunny
2.3,19.6,78.0,0.0,rainy
8.3,20.6,64.0,0.0,rainy
8.8,18.4,53.0,0.0,sunny
5.9,18.5,52.0,0.0,rainy
2.6,18.6,67.0,0.0,rainy
3.4,19.0,87.0,0.0,rainy
3.1,21.6,82.0,0.0,rainy
4.3,15.6,81.0,0.0,rainy
9.6,14.6,97.0,18.2,sunny
11.0,17.3,78.0,24.8,sunny
9.2,19.9,76.0,0.8,rainy
2.8,20.8,91.0,0.0,rainy
5.5,19.5,85.0,0.2,rainy
10.1,19.1,99.0,5.0,sunny
9.5,18.1,100.0,0.8,sunny
7.2,21.1,100.0,0.2,rainy
5.8,22.5,100.0,0.2,rainy
8.1,19.6,100.0,0.0,rainy
12.7,15.0,100.0,11.2,sunny
8.9,18.1,57.0,5.4,sunny
4.5,20.6,75.0,0.0,rainy
5.6,17.6,100.0,0.0,rainy
8.1,16.4,100.0,0.0,sunny
10.8,21.0,96.0,0.2,rainy
8.8,17.1,79.0,0.0,sunny
5.9,18.6,100.0,0.0,rainy
4.3,15.0,100.0,0.0,rainy
3.0,18.5,100.0,3.0,rainy
5.7,14.3,100.0,0.0,sunny
6.6,19.1,100.0,7.2,rainy
5.1,19.2,98.0,0.0,rainy
11.0,18.2,58.0,0.2,sunny
5.0,17.7,75.0,0.0,rainy
2.9,16.6,72.0,0.0,rainy
1.5,16.9,100.0,0.2,rainy
7.9,16.1,67.0,0.2,sunny
6.9,16.3,73.0,0.0,sunny
4.9,17.0,99.0,0.0,rainy
4.7,15.3,90.0,0.0,rainy
9.1,14.0,100.0,9.4,sunny
9.1,13.3,91.0,14.4,sunny
8.9,14.0,100.0,17.8,sunny
10.4,17.8,100.0,38.2,sunny
11.5,18.0,100.0,4.4,sunny
10.4,16.0,100.0,0.2,sunny
11.2,13.3,100.0,30.2,sunny
10.0,17.0,91.0,9.8,sunny
6.6,20.1,96.0,0.2,rainy
3.6,18.9,100.0,0.0,rainy
3.7,17.9,92.0,0.2,rainy
0.5,21.0,100.0,0.2,rainy
5.8,18.4,50.0,0.0,sunny
2.0,16.3,73.0,0.0,rainy
0.6,17.1,81.0,0.0,rainy
0.5,17.1,100.0,0.0,rainy
4.0,15.1,78.0,0.0,rainy
7.3,16.3,92.0,0.0,sunny
3.1,16.9,100.0,0.0,rainy
2.5,18.0,100.0,0.2,rainy
4.3,16.2,100.0,0.2,rainy
5.4,18.0,100.0,0.0,rainy
10.3,14.8,100.0,0.8,sunny
9.2,20.3,100.0,0.2,rainy
9.1,22.1,100.0,0.2,rainy
7.5,21.4,100.0,0.0,rainy
10.8,17.4,94.0,0.0,sunny
6.1,19.0,90.0,0.2,rainy
4.0,15.3,51.0,0.0,rainy
0.3,16.1,82.0,0.0,rainy
-0.4,16.4,79.0,0.0,rainy
7.6,16.9,57.0,0.0,sunny
2.5,17.8,93.0,0.0,rainy
0.3,19.7,100.0,0.0,rainy
1.9,18.0,66.0,0.0,rainy
2.6,17.9,100.0,0.0,rainy
3.2,21.5,100.0,0.0,rainy
5.3,20.7,100.0,0.2,rainy
9.5,17.0,79.0,0.2,sunny
3.8,19.2,93.0,0.2,rainy
2.7,19.6,100.0,0.0,rainy
3.5,18.5,74.0,0.0,rainy
6.4,17.6,62.0,0.0,rainy
4.4,19.6,68.0,0.0,rainy
7.6,18.2,67.0,0.0,rainy
7.0,14.3,74.0,6.8,sunny
3.7,18.3,71.0,0.0,rainy
3.5,22.3,62.0,0.0,rainy
3.3,21.2,69.0,0.0,rainy
3.8,24.8,80.0,0.0,rainy
3.0,21.0,34.0,0.0,sunny
2.6,23.0,87.0,0.0,rainy
8.2,18.5,44.0,0.0,sunny
0.1,20.1,90.0,0.0,rainy
6.2,23.7,56.0,0.0,rainy
5.9,21.9,54.0,0.0,rainy
9.1,19.4,42.0,0.0,sunny
5.3,14.8,47.0,0.0,sunny
-0.1,17.5,84.0,0.0,rainy
6.1,17.9,54.0,0.0,rainy
6.5,21.4,55.0,0.0,rainy
3.3,23.9,75.0,0.0,rainy
4.5,20.8,63.0,0.0,rainy
6.8,22.2,61.0,0.0,rainy
5.1,23.4,82.0,0.0,rainy
5.6,21.4,96.0,0.0,rainy
8.9,27.4,65.0,0.0,rainy
8.9,24.0,67.0,0.0,rainy
5.0,23.4,72.0,0.0,rainy
6.9,23.4,75.0,0.0,rainy
6.6,24.3,96.0,0.2,rainy
6.2,28.0,79.0,0.0,rainy
9.9,27.6,62.0,0.0,rainy
10.3,31.1,100.0,0.0,rainy
14.7,19.7,80.0,0.0,sunny
11.2,25.9,78.0,0.0,rainy
14.4,31.7,28.0,0.0,sunny
6.8,24.2,49.0,0.0,sunny
4.1,23.6,48.0,0.0,sunny
7.0,18.5,61.0,0.0,rainy
11.7,22.8,88.0,4.4,rainy
8.7,20.9,68.0,0.2,rainy
11.2,17.6,90.0,0.0,sunny
13.7,22.8,79.0,24.0,sunny
12.6,24.1,55.0,0.0,rainy
10.4,23.1,35.0,0.0,sunny
6.3,20.5,44.0,0.0,sunny
7.1,22.4,53.0,0.0,rainy
5.0,25.6,64.0,0.0,rainy
8.9,28.3,65.0,0.0,rainy
11.6,31.1,77.0,0.0,rainy
9.1,32.3,45.0,0.0,sunny
9.6,30.3,51.0,0.0,rainy
4.4,24.4,40.0,0.0,sunny
5.1,28.5,52.0,0.0,rainy
11.1,25.1,35.0,0.0,sunny
5.5,31.2,59.0,0.0,rainy
11.1,33.0,47.0,0.0,sunny
5.0,25.7,41.0,0.0,sunny
11.8,19.3,45.0,0.0,sunny
5.5,21.3,50.0,0.2,sunny
4.7,29.5,56.0,0.0,rainy
8.0,32.9,50.0,0.0,sunny
13.4,22.5,59.0,0.0,sunny
9.0,21.9,66.0,0.0,rainy
5.5,31.9,73.0,0.0,rainy
10.4,36.2,34.0,0.0,sunny
13.9,26.1,69.0,0.0,rainy
7.7,31.6,61.0,0.0,rainy
12.7,34.3,67.0,0.0,rainy
11.6,20.3,45.0,0.0,sunny
4.5,25.4,49.0,0.0,sunny
5.3,31.2,51.0,0.0,rainy
11.3,33.6,25.0,0.0,sunny
7.2,22.8,31.0,0.0,sunny
6.4,25.8,71.0,0.0,rainy
9.6,31.1,65.0,0.0,rainy
11.4,36.1,63.0,0.0,rainy
18.1,25.4,65.0,0.0,sunny
18.6,31.8,61.0,5.8,rainy
11.1,23.4,37.0,0.0,sunny
5.8,23.9,36.0,0.0,sunny
8.8,24.9,36.0,0.0,sunny
9.5,25.4,68.0,0.0,rainy
14.3,25.9,77.0,0.0,rainy
11.9,28.3,74.0,0.0,rainy
10.7,23.4,51.0,0.0,rainy
12.9,26.5,58.0,0.0,rainy
15.6,26.9,71.0,0.0,rainy
11.4,33.8,69.0,0.0,rainy
13.1,35.4,36.0,0.0,sunny
8.9,20.9,30.0,0.0,sunny
10.0,21.9,53.0,0.0,rainy
6.5,27.3,63.0,0.0,rainy
10.2,34.4,62.0,0.0,rainy
13.3,38.1,46.0,0.0,sunny
18.1,34.0,42.0,0.2,sunny
14.9,17.7,67.0,0.0,sunny
12.8,17.3,96.0,47.0,sunny
13.7,22.8,86.0,31.0,sunny
11.2,28.8,65.0,7.4,rainy
12.0,29.1,36.0,0.0,sunny
12.8,25.1,64.0,0.0,rainy
13.7,22.3,77.0,3.0,sunny
13.8,17.6,75.0,4.2,sunny
13.9,20.5,67.0,6.4,sunny
15.0,25.5,68.0,18.0,rainy
13.3,29.4,75.0,0.0,rainy
15.5,28.6,77.0,0.0,rainy
18.5,25.9,90.0,2.6,sunny
17.0,24.9,90.0,42.4,sunny
12.6,25.5,64.0,0.2,rainy
14.7,23.7,60.0,0.0,sunny
11.4,22.8,61.0,0.0,rainy
9.6,27.2,55.0,0.0,rainy
12.1,34.6,73.0,0.0,rainy
18.6,20.6,75.0,0.0,sunny
13.9,22.3,61.0,0.8,sunny
11.3,23.8,60.0,0.0,rainy
15.3,27.3,68.0,0.0,rainy
11.0,30.7,72.0,0.0,rainy
13.1,35.5,72.0,0.0,rainy
18.2,25.2,71.0,3.6,sunny
10.3,24.9,41.0,0.0,sunny
8.9,26.6,51.0,0.0,rainy
12.0,30.5,66.0,0.0,rainy
16.2,31.7,57.0,0.0,rainy
22.0,33.4,42.0,0.0,sunny
13.7,31.3,50.0,0.0,sunny
13.9,28.7,65.0,0.0,rainy
14.7,31.9,66.0,0.0,rainy
18.0,25.9,59.0,0.0,sunny
16.3,27.0,71.0,0.0,rainy
17.4,27.1,78.0,0.0,sunny
14.5,30.7,64.0,0.0,rainy
16.5,29.5,71.0,0.0,rainy
14.1,33.1,66.0,0.0,rainy
16.9,40.6,67.0,0.0,rainy
22.0,30.7,60.0,0.0,sunny
17.7,41.0,67.0,0.0,rainy
21.3,37.0,65.0,0.0,rainy
18.1,21.4,67.0,0.0,sunny
16.9,21.9,82.0,0.0,sunny
18.3,28.4,76.0,17.8,rainy
14.9,27.1,72.0,7.2,rainy
15.9,30.4,77.0,0.2,rainy
16.6,25.5,55.0,0.0,sunny
17.1,28.8,57.0,0.0,rainy
13.7,30.9,63.0,0.0,rainy
18.1,31.2,69.0,0.0,rainy
19.6,35.6,62.0,0.0,rainy
19.6,31.9,79.0,1.6,rainy
18.1,32.9,66.0,0.0,rainy
16.3,31.4,65.0,0.0,rainy
15.1,32.3,34.0,0.0,sunny
16.8,23.1,59.0,0.0,sunny
14.9,21.3,91.0,0.2,sunny
16.0,23.9,68.0,0.0,sunny
16.5,29.1,65.0,0.0,rainy
16.1,35.5,67.0,0.0,rainy
17.9,31.2,71.0,0.0,rainy
16.1,29.1,69.0,0.0,rainy
14.7,33.9,62.0,0.0,rainy
16.9,37.9,73.0,0.0,rainy
16.7,36.2,72.0,0.0,rainy
17.0,36.1,71.0,0.0,rainy
15.1,39.8,69.0,0.0,rainy
17.2,30.7,70.0,0.0,rainy
19.4,28.0,70.0,0.0,sunny
18.2,24.8,99.0,5.2,sunny
18.7,21.6,79.0,0.8,sunny
17.4,23.9,71.0,0.0,sunny
18.0,29.1,83.0,0.0,rainy
15.3,25.1,78.0,4.6,sunny
15.2,21.2,76.0,0.2,sunny
11.7,29.2,62.0,1.0,rainy
13.9,31.9,67.0,0.0,rainy
15.1,37.9,68.0,0.0,rainy
16.7,34.0,61.0,0.0,rainy
14.1,37.3,62.0,0.0,rainy
18.7,32.2,67.0,0.0,rainy
18.1,32.3,71.0,0.0,rainy
18.8,33.8,63.0,0.0,rainy
18.4,25.9,65.0,0.0,sunny
16.0,22.9,56.0,0.0,sunny
16.6,25.2,64.0,0.0,sunny
10.9,32.0,67.0,0.0,rainy
13.8,35.4,70.0,0.0,rainy
15.0,35.5,83.0,0.0,rainy
17.3,29.6,68.0,0.0,rainy
18.6,27.1,75.0,0.0,sunny
20.4,27.8,95.0,5.6,sunny
19.6,31.6,78.0,1.6,rainy
19.4,26.1,93.0,0.8,sunny
19.9,25.0,97.0,4.2,sunny
20.6,24.5,91.0,5.0,sunny
17.7,23.4,81.0,16.6,sunny
16.1,27.0,88.0,0.8,rainy
19.2,23.1,93.0,0.0,sunny
17.0,29.8,57.0,29.4,rainy
14.9,28.2,42.0,0.0,sunny
17.7,26.6,75.0,0.0,sunny
17.4,26.4,72.0,0.0,sunny
17.0,29.6,77.0,0.0,rainy
15.4,30.8,82.0,0.0,rainy
16.1,32.9,84.0,0.0,rainy
18.4,21.9,90.0,6.4,sunny
16.8,19.7,93.0,1.8,sunny
17.0,20.4,98.0,5.6,sunny
16.9,22.9,85.0,33.0,sunny
16.2,24.7,80.0,0.0,sunny
17.8,25.5,90.0,2.0,sunny
14.8,29.1,97.0,0.0,rainy
18.1,26.6,76.0,0.2,sunny
15.7,28.8,93.0,0.0,rainy
17.1,27.9,95.0,10.8,rainy
16.8,28.1,100.0,0.0,rainy
16.1,29.0,87.0,0.0,rainy
14.5,29.3,92.0,0.0,rainy
17.7,26.3,78.0,0.2,sunny
16.2,28.3,97.0,0.0,rainy
14.9,29.6,92.0,0.0,rainy
15.9,27.0,65.0,8.4,rainy
9.8,27.6,63.0,0.0,rainy
10.7,30.3,79.0,0.0,rainy
12.9,29.2,66.0,0.0,rainy
17.7,28.3,90.0,3.6,rainy
18.1,27.9,93.0,0.0,sunny
14.8,31.1,96.0,0.0,rainy
17.7,28.9,86.0,2.4,rainy
18.6,20.8,76.0,0.2,sunny
14.9,27.4,86.0,7.6,rainy
18.8,23.4,97.0,0.0,sunny
19.0,20.3,87.0,11.8,sunny
16.4,23.4,93.0,3.4,sunny
17.9,26.9,84.0,1.6,sunny
17.7,26.7,89.0,0.2,sunny
15.4,26.4,97.0,40.0,rainy
14.7,26.6,98.0,0.2,rainy
15.0,28.0,96.0,0.0,rainy
16.1,29.1,99.0,0.2,rainy
18.2,22.1,92.0,9.6,sunny
16.5,26.0,96.0,12.0,sunny
16.0,23.3,71.0,2.6,sunny
15.1,21.3,66.0,5.0,sunny
15.7,24.1,83.0,0.0,sunny
12.5,24.4,82.0,0.0,rainy
15.5,21.2,86.0,0.0,sunny
17.8,26.0,88.0,12.0,sunny
16.5,22.5,68.0,11.8,sunny
14.9,22.0,67.0,0.0,sunny
10.9,21.3,59.0,0.0,rainy
12.1,22.0,59.0,0.0,sunny
14.2,22.6,65.0,0.0,sunny
9.9,23.8,74.0,0.0,rainy
9.9,25.4,72.0,0.0,rainy
9.6,23.3,70.0,0.0,rainy
8.4,23.0,74.0,0.0,rainy
7.3,22.8,59.0,0.0,rainy
6.8,23.5,94.0,0.0,rainy
8.1,25.1,74.0,0.0,rainy
9.6,29.1,74.0,0.0,rainy
16.5,21.2,83.0,1.8,sunny
11.3,24.5,100.0,2.0,rainy
11.6,19.3,73.0,0.0,sunny
14.4,21.2,80.0,0.0,sunny
11.2,25.1,100.0,0.0,rainy
13.5,22.3,80.0,1.6,sunny
8.0,20.6,67.0,0.0,rainy
9.0,20.6,79.0,0.0,rainy
8.6,16.1,97.0,4.0,sunny
7.4,19.8,56.0,0.0,rainy
6.7,21.3,75.0,0.0,rainy
8.1,19.9,60.0,0.0,rainy
8.9,20.7,60.0,0.0,rainy
7.8,20.8,73.0,0.0,rainy
5.6,20.5,100.0,0.0,rainy
11.3,23.1,82.0,0.4,rainy
9.2,22.2,74.0,0.0,rainy
10.5,22.2,73.0,0.0,rainy
6.9,22.5,100.0,0.0,rainy
6.5,24.3,86.0,0.0,rainy
6.4,22.2,90.0,0.0,rainy
7.1,24.8,96.0,0.0,rainy
7.9,23.0,96.0,0.0,rainy
7.9,24.0,82.0,0.0,rainy
6.2,24.8,90.0,0.0,rainy
6.5,25.2,97.0,0.0,rainy
9.1,23.1,74.0,0.0,rainy
9.3,25.7,91.0,0.0,rainy
8.9,25.4,88.0,0.0,rainy
10.4,23.7,100.0,0.0,rainy
13.6,22.9,53.0,0.0,sunny
5.5,21.1,76.0,0.0,rainy
12.9,20.6,73.0,0.0,sunny
8.9,21.4,100.0,0.0,rainy
11.1,17.2,100.0,1.2,sunny
9.9,20.7,100.0,15.2,rainy
4.8,18.7,94.0,0.2,rainy
4.8,21.5,86.0,0.2,rainy
10.9,16.6,99.0,1.4,sunny
13.3,16.9,77.0,7.0,sunny
8.8,19.7,68.0,0.0,rainy
4.8,19.1,77.0,0.0,rainy
10.2,16.2,98.0,1.2,sunny
0.0,0.0,0.0,0.0,sunny
0.0,20.2,100.0,5.6,rainy
5.7,17.7,83.0,0.0,rainy
3.4,19.7,91.0,0.0,rainy
7.5,18.4,68.0,0.0,rainy
6.5,20.2,75.0,0.0,rainy
5.1,19.5,94.0,0.0,rainy
6.3,18.8,100.0,0.0,rainy
3.6,19.5,100.0,0.0,rainy
7.7,18.4,87.0,0.0,rainy
3.8,15.8,100.0,0.0,rainy
7.4,15.7,48.0,0.0,sunny
5.7,17.2,48.0,0.0,sunny
4.2,20.0,48.0,0.0,sunny
2.6,18.9,90.0,0.0,rainy
2.2,21.8,82.0,0.0,rainy
7.8,15.4,47.0,0.0,sunny
3.5,14.7,57.0,0.0,rainy
2.8,18.4,69.0,0.0,rainy
2.0,19.0,78.0,0.0,rainy
-0.5,18.7,100.0,0.0,rainy
-1.0,20.5,100.0,0.0,rainy
0.8,17.2,77.0,0.0,rainy
1.8,16.9,71.0,0.0,rainy
0.6,17.6,72.0,0.0,rainy
1.1,18.4,83.0,0.0,rainy
-1.5,21.0,100.0,0.0,rainy
3.3,16.7,59.0,0.0,rainy
4.0,17.1,66.0,0.0,rainy
-0.9,17.4,76.0,0.0,rainy
4.2,15.4,54.0,0.0,rainy
1.9,17.8,62.0,0.0,rainy
7.5,14.1,100.0,0.0,sunny
8.6,17.4,100.0,1.0,sunny
2.6,18.6,67.0,0.6,rainy
3.3,14.8,53.0,0.6,rainy
6.3,15.9,50.0,0.0,sunny
7.8,17.2,60.0,0.0,sunny
3.1,17.8,84.0,0.0,rainy
3.4,19.0,100.0,0.0,rainy
3.0,18.0,100.0,0.0,rainy
3.7,15.9,100.0,0.0,rainy
2.9,21.8,100.0,0.0,rainy
5.7,18.5,100.0,4.0,rainy
3.6,19.5,84.0,2.2,rainy
4.4,17.7,69.0,0.0,rainy
6.9,22.6,69.0,0.0,rainy
5.6,22.9,51.0,0.0,rainy
7.8,24.6,61.0,0.0,rainy
11.6,18.0,46.0,0.0,sunny
2.4,15.6,48.0,0.0,sunny
2.4,16.6,66.0,0.0,rainy
1.6,19.0,87.0,0.0,rainy
1.4,20.0,100.0,0.0,rainy
-0.4,20.9,77.0,0.0,rainy
1.6,19.3,56.0,0.0,rainy
2.3,18.4,83.0,0.0,rainy
2.4,21.3,100.0,0.0,rainy
4.5,22.6,79.0,0.0,rainy
1.6,14.7,54.0,0.0,rainy
4.7,14.4,64.0,0.0,sunny
5.1,17.1,65.0,2.2,rainy
0.9,18.3,69.0,0.0,rainy
3.8,19.1,85.0,0.0,rainy
5.4,17.3,100.0,0.0,rainy
10.6,16.1,100.0,27.0,sunny
10.7,15.8,99.0,44.2,sunny
11.5,17.5,75.0,18.4,sunny
8.6,16.9,65.0,1.2,sunny
5.5,17.0,80.0,0.0,rainy
9.9,19.2,75.0,0.0,sunny
8.0,18.4,88.0,0.2,rainy
7.5,20.1,100.0,5.0,rainy
6.9,21.1,89.0,0.0,rainy
8.9,14.7,100.0,7.4,sunny
11.5,17.5,95.0,28.4,sunny
9.9,18.6,85.0,1.6,sunny
7.8,17.1,72.0,0.2,sunny
9.9,17.0,68.0,0.0,sunny
9.7,21.9,71.0,0.0,rainy
6.7,22.9,84.0,0.0,rainy
12.4,16.8,57.0,0.0,sunny
8.3,17.1,52.0,2.4,sunny
7.2,17.2,54.0,0.0,sunny
8.7,17.0,63.0,0.0,sunny
8.4,16.9,73.0,1.4,sunny
10.3,17.5,81.0,1.2,sunny
7.4,20.0,92.0,2.0,rainy
5.7,24.4,100.0,0.0,rainy
11.1,22.6,73.0,8.0,rainy
6.8,25.1,66.0,0.0,rainy
10.9,16.4,77.0,0.0,sunny
11.7,20.1,77.0,0.0,sunny
9.1,25.0,100.0,0.0,rainy
9.8,22.0,71.0,0.0,rainy
11.8,23.6,88.0,0.0,rainy
9.1,20.4,42.0,0.4,sunny
6.2,19.7,36.0,0.0,sunny
3.2,20.6,60.0,0.0,rainy
3.6,20.1,50.0,0.0,sunny
7.8,20.9,66.0,0.0,rainy
9.5,21.4,65.0,0.0,rainy
5.6,23.1,73.0,0.0,rainy
7.4,26.3,76.0,0.0,rainy
13.7,21.4,77.0,0.4,sunny
8.9,20.8,69.0,5.0,rainy
10.7,21.9,59.0,0.0,rainy
6.7,25.8,71.0,0.0,rainy
8.6,31.4,50.0,0.0,sunny
10.1,33.5,56.0,0.0,rainy
13.7,20.9,26.0,0.0,sunny
4.8,24.4,54.0,0.0,rainy
7.7,22.7,53.0,0.0,rainy
12.6,25.9,72.0,0.0,rainy
8.2,33.3,86.0,0.0,rainy
15.7,31.8,73.0,0.0,rainy
11.6,21.7,74.0,0.0,rainy
13.1,23.3,65.0,0.0,rainy
8.7,26.3,77.0,0.0,rainy
9.5,30.8,70.0,0.0,rainy
8.8,32.2,65.0,0.0,rainy
11.0,25.1,68.0,0.0,rainy
9.9,18.3,51.0,13.2,sunny
10.1,17.6,70.0,34.6,sunny
4.8,23.9,71.0,1.0,rainy
8.1,20.4,72.0,0.0,rainy
8.4,21.9,60.0,0.0,rainy
7.8,27.9,71.0,0.0,rainy
12.6,18.7,67.0,0.0,sunny
12.7,17.4,86.0,1.4,sunny
12.8,24.5,57.0,0.0,rainy
10.6,31.7,77.0,0.0,rainy
15.6,30.2,75.0,0.0,rainy
13.4,33.1,82.0,0.2,rainy
17.7,34.8,78.0,0.0,rainy
17.4,32.5,77.0,0.0,rainy
9.5,28.1,37.0,0.0,sunny
11.0,26.3,46.0,0.0,sunny
10.5,36.7,55.0,0.0,rainy
18.1,35.3,41.0,0.0,sunny
10.5,24.4,31.0,5.0,sunny
6.8,23.3,56.0,0.0,rainy
